name,email,facebook,twitter,website,imageUrl
Ms Diane Abbott,diane.abbott.office@parliament.uk,,https://twitter.com/hackneyabbott,http://www.dianeabbott.org.uk/,https://api.parliament.uk/photo/S3bGSTqn.jpeg
Bim Afolami,bim.afolami.mp@parliament.uk,,https://twitter.com/bimafolami,,https://api.parliament.uk/photo/SrtAaMTP.jpeg
Adam Afriyie,adam.afriyie.mp@parliament.uk,,https://twitter.com/adamafriyie,http://www.adamafriyie.org/,https://api.parliament.uk/photo/BfD4jWAV.jpeg
Nigel Adams,nigel.adams.mp@parliament.uk,https://www.facebook.com/nigel.adamsmp,,http://www.selbyandainsty.com/,https://api.parliament.uk/photo/7xQEDGdb.jpeg
Peter Aldous,peter.aldous.mp@parliament.uk,,https://twitter.com/peter_aldous,http://www.peteraldous.com/,https://api.parliament.uk/photo/G3znKiVx.jpeg
Rushanara Ali,rushanara.ali.mp@parliament.uk,,https://twitter.com/rushanaraali,http://www.rushanaraali.org/,https://api.parliament.uk/photo/tBnbaUGL.jpeg
Debbie Abrahams,abrahamsd@parliament.uk,,https://twitter.com/debbie_abrahams,http://www.debbieabrahams.org.uk/,
Lucy Allan,lucy.allan.mp@parliament.uk,,https://twitter.com/lucyallan,http://www.lucyallan.com/,https://api.parliament.uk/photo/DUPfVet1.jpeg
Mike Amesbury,mike.amesbury.mp@parliament.uk,,https://twitter.com/mikeamesbury,,https://api.parliament.uk/photo/SMvXy4pQ.jpeg
Sir David Amess,amessd@parliament.uk,,,http://www.davidamess.co.uk/,https://api.parliament.uk/photo/76klBZSN.jpeg
Heidi Allen,heidi.allen.mp@parliament.uk,,https://twitter.com/heidiallen75,http://www.heidisouthcambs.co.uk/,https://api.parliament.uk/photo/irqMbhPb.jpeg
Dr Rosena Allin-Khan,rosena.allinkhan.mp@parliament.uk,https://www.facebook.com/drrosena,https://twitter.com/drrosena,http://www.drrosena.co.uk/,
Edward Argar,edward.argar.mp@parliament.uk,,,,https://api.parliament.uk/photo/oWYIe5Ir.jpeg
Victoria Atkins,victoria@victoriaatkins.org.uk,,,http://www.victoriaatkins.org.uk/,https://api.parliament.uk/photo/73ATeTG2.jpeg
Tonia Antoniazzi,tonia.antoniazzi.mp@parliament.uk,https://www.facebook.com/toniaforgower,https://twitter.com/toniaantoniazzi,http://www.toniaantoniazzi.co.uk/,https://api.parliament.uk/photo/HIQKLNyr.jpeg
Stuart Andrew,stuart.andrew.mp@parliament.uk,,https://twitter.com/stuartandrew,,https://api.parliament.uk/photo/0rhvZjjO.jpeg
Jonathan Ashworth,jon.ashworth.mp@parliament.uk,,https://twitter.com/jonashworth,http://www.jonashworth.org/,https://api.parliament.uk/photo/OXCi2jSV.jpeg
Mr Richard Bacon,richardbaconmp@parliament.uk,,,http://www.richardbacon.org.uk/,https://api.parliament.uk/photo/CiSGevgE.jpeg
Mrs Kemi Badenoch,kemi.badenoch.mp@parliament.uk,,https://twitter.com/kemibadenoch,,https://api.parliament.uk/photo/ZvlyV4Qw.jpeg
Ian Austin,austini@parliament.uk,,https://twitter.com/ianaustinmp,http://www.ianaustin.co.uk/,https://api.parliament.uk/photo/2fTQnJsb.jpeg
Mr Adrian Bailey,baileya@parliament.uk,,https://twitter.com/adrianbaileymp,http://www.adrianbaileymp.org/,https://api.parliament.uk/photo/spsxFVeD.jpeg
Stephen Barclay,stephen.barclay.mp@parliament.uk,https://www.facebook.com/stevebarclaymp,https://twitter.com/stevebarclaymp,http://www.stevebarclay.net/,https://api.parliament.uk/photo/YpBcp8n1.jpeg
Mr Steve Baker,steve.baker.mp@parliament.uk,,https://twitter.com/stevebakerhw,http://www.stevebaker.info/,https://api.parliament.uk/photo/7aPQ86Gz.jpeg
Harriett Baldwin,harriett.baldwin.mp@parliament.uk,,https://twitter.com/hbaldwinmp,http://www.harriettbaldwin.com/,https://api.parliament.uk/photo/sKnngY2Y.jpeg
Hannah Bardell,hannah.bardell.mp@parliament.uk,,https://twitter.com/hannahb4livimp,,https://api.parliament.uk/photo/kPMPVkYr.jpeg
Mr John Baron,baronj@parliament.uk,,,http://www.johnbaron.co.uk/,https://api.parliament.uk/photo/9c5I8ThE.jpeg
Órfhlaith Begley,,,,,
Guto Bebb,guto.bebb.mp@parliament.uk,,https://twitter.com/gutobebb,http://www.gutobebb.org.uk/,https://api.parliament.uk/photo/yhXmfTKi.jpeg
Richard Benyon,benyonr@parliament.uk,https://www.facebook.com/richardbenyonmp,https://twitter.com/richardbenyonmp,http://www.richardbenyon.com/,https://api.parliament.uk/photo/vHJ7kNCe.jpeg
Sir Henry Bellingham,bellinghamh@parliament.uk,,,http://www.henrybellingham.com/,https://api.parliament.uk/photo/dk6Blhnq.jpeg
Margaret Beckett,margaret.beckett.mp@parliament.uk,,,,https://api.parliament.uk/photo/xiod6n8R.jpeg
Luciana Berger,luciana.berger.mp@parliament.uk,,https://twitter.com/lucianaberger,http://www.lucianaberger.com/,https://api.parliament.uk/photo/n3iNhTTu.jpeg
Hilary Benn,bennh@parliament.uk,,https://twitter.com/hilarybennmp,http://www.hilarybennmp.com/,https://api.parliament.uk/photo/HtXubw7o.jpeg
Jake Berry,jake.berry.mp@parliament.uk,,https://twitter.com/jakeberry,http://jakeberry.org/,
John Bercow,speakersoffice@parliament.uk,,,http://www.johnbercow.co.uk/,
Sir Kevin Barron,barronk@parliament.uk,,,http://www.kevinbarronmp.com/,https://api.parliament.uk/photo/xMCoxmmw.jpeg
Mr Clive Betts,officeofclivebettsmp@parliament.uk,,https://twitter.com/clivebettsmp,http://www.clivebetts.com/,https://api.parliament.uk/photo/hnCWVlFJ.jpeg
Sir Paul Beresford,annie.winsbury@parliament.uk,,,,
Mhairi Black,mhairi.black.mp@parliament.uk,,https://twitter.com/mhairiblack,http://www.mhairiblack.scot/,https://api.parliament.uk/photo/qB5UDv5a.jpeg
Ian Blackford,ian.blackford.mp@parliament.uk,,,http://ianblackford.com/,https://api.parliament.uk/photo/le5yVfj8.jpeg
Bob Blackman,bob.blackman.mp@parliament.uk,,https://twitter.com/bobblackmanmp,http://www.bobblackmanmp.com/,https://api.parliament.uk/photo/5TEpzjCn.jpeg
Kirsty Blackman,kirsty.blackman.mp@parliament.uk,,https://twitter.com/kirstysnp,http://www.snp.org/kirsty_blackman,https://api.parliament.uk/photo/cSiv4pgD.jpeg
Nick Boles,nick.boles.mp@parliament.uk,,https://twitter.com/nickbolesmp,http://www.nickboles.co.uk/,
Paul Blomfield,paul.blomfield.mp@parliament.uk,,https://twitter.com/paulblomfieldmp,http://www.paulblomfield.co.uk/,https://api.parliament.uk/photo/8QaNmxv6.jpeg
Mr Peter Bone,bonep@parliament.uk,,https://twitter.com/peterbonemp,,https://api.parliament.uk/photo/WHQYWqFI.jpeg
Crispin Blunt,crispinbluntmp@parliament.uk,,https://twitter.com/crispinbluntmp,http://www.blunt4reigate.com/,https://api.parliament.uk/photo/ZLpzm6nz.jpeg
Dr Roberta Blackman-Woods,woodsr@parliament.uk,,https://twitter.com/robertabwmp,http://www.roberta.org.uk/,
Andrew Bowie,andrew.bowie.mp@parliament.uk,,,,https://api.parliament.uk/photo/4YOMuaEs.jpeg
Tracy Brabin,tracy.brabin.mp@parliament.uk,https://www.facebook.com/tracybrabinmp/,https://twitter.com/tracybrabin,https://tracybrabinmp.com/,https://api.parliament.uk/photo/kejqIHEf.jpeg
Ben Bradley,ben.bradley.mp@parliament.uk,,,,https://api.parliament.uk/photo/xsYDKkGD.jpeg
Mickey Brady,mickey.brady.mp@parliament.uk,,https://twitter.com/mickeybrady4mp,,
Karen Bradley,karen.bradley.mp@parliament.uk,,,http://www.karenbradley.co.uk/,https://api.parliament.uk/photo/LqoSFILX.jpeg
Suella Braverman,suella.braverman.mp@parliament.uk,,https://twitter.com/suellabraverman,http://www.suellafernandes.co.uk/,https://api.parliament.uk/photo/zcpVPqY9.jpeg
Sir Peter Bottomley,bottomleyp@parliament.uk,https://www.facebook.com/sir-peter-bottomley-mp-293136030810246/,,http://www.sirpeterbottomley.com/,https://api.parliament.uk/photo/5GVgtIhR.jpeg
Sir Graham Brady,altsale@parliament.uk,,,http://www.grahambrady.co.uk/,https://api.parliament.uk/photo/1ONyP7nU.jpeg
Tom Brake,info@tombrake.co.uk,https://www.facebook.com/brake,https://twitter.com/thomasbrake,http://www.tombrake.co.uk/,https://api.parliament.uk/photo/bhDYT87s.jpeg
Jack Brereton,jack.brereton.mp@parliament.uk,https://www.facebook.com/jackbreretonforstoke/,,http://www.jackbrereton.co.uk/,https://api.parliament.uk/photo/6A88Mf4t.jpeg
Kevin Brennan,brennank@parliament.uk,,https://twitter.com/kevinbrennanmp,http://www.kevinbrennan.co.uk/,https://api.parliament.uk/photo/YTiAgse5.jpeg
Mr Ben Bradshaw,bradshawb@parliament.uk,,https://twitter.com/benpbradshaw,http://www.benbradshaw.co.uk/,https://api.parliament.uk/photo/Q9vaCgTh.jpeg
Steve Brine,steve.brine.mp@parliament.uk,https://www.facebook.com/pages/steve-brine-mp-for-winchester-chandlers-ford/245990448763142,,http://www.stevebrine.com/,https://api.parliament.uk/photo/fZwYDLy4.jpeg
Andrew Bridgen,andrew.bridgen.mp@parliament.uk,,https://twitter.com/abridgen,http://www.andrewbridgen.com/,https://api.parliament.uk/photo/lw9T2DkL.jpeg
Deidre Brock,deidre.brock.mp@parliament.uk,https://www.facebook.com/deidrebrocksnp,https://twitter.com/deidrebrock,http://www.dbrockmp.scot/,https://api.parliament.uk/photo/ydbyKKCa.jpeg
Alan Brown,alan.brown.mp@parliament.uk,,https://twitter.com/alanbrownsnp,http://www.alanbrownmp.scot/,https://api.parliament.uk/photo/B59BDgR5.jpeg
Lyn Brown,brownl@parliament.uk,,https://twitter.com/lynbrownmp,http://www.lynbrown.org.uk/,
James Brokenshire,james.brokenshire.mp@parliament.uk,,https://twitter.com/jbrokenshire,http://www.jamesbrokenshire.com/,https://api.parliament.uk/photo/94NnLXO2.jpeg
Fiona Bruce,fiona.bruce.mp@parliament.uk,,,http://www.fionabruce.org.uk/,https://api.parliament.uk/photo/rOFP6feZ.jpeg
Robert Buckland,robert.buckland.mp@parliament.uk,,https://twitter.com/robertbuckland,http://www.robertbuckland.co.uk/,https://api.parliament.uk/photo/FKqdmdPq.jpeg
Ms Karen Buck,buckk@parliament.uk,,https://twitter.com/karenpbuckmp,http://www.karenbuck.org.uk/,https://api.parliament.uk/photo/c4aDmpMV.jpeg
Chris Bryant,bryantc@parliament.uk,,,http://www.chrisbryantmp.org.uk/,https://api.parliament.uk/photo/jEEID2XB.jpeg
Alex Burghart,alex.burghart.mp@parliament.uk,,https://twitter.com/alexburghart,,https://api.parliament.uk/photo/mtMsc1vM.jpeg
Richard Burden,richard.burden.mp@parliament.uk,https://www.facebook.com/richardburden4northfield,https://twitter.com/richardburdenmp,http://www.richardburden.com/,https://api.parliament.uk/photo/mVbSHqTD.jpeg
Richard Burgon,richard@richardburgon.com,,https://twitter.com/richardburgon,http://www.richardburgon.com/,https://api.parliament.uk/photo/xm4jSJ7q.jpeg
Conor Burns,conor.burns.mp@parliament.uk,,https://twitter.com/conor_burnsmp,http://www.conorburns.com/,https://api.parliament.uk/photo/3OYhN9wP.jpeg
Dawn Butler,dawn.butler.mp@parliament.uk,,https://twitter.com/dawnbutlerbrent,,https://api.parliament.uk/photo/segn0zj7.jpeg
Mr Nicholas Brown,nickbrownmp@parliament.uk,,,http://www.nickbrownmp.com/,https://api.parliament.uk/photo/cx8auRP4.jpeg
Liam Byrne,byrnel@parliament.uk,,https://twitter.com/liambyrnemp,http://www.liambyrne.co.uk/,https://api.parliament.uk/photo/0oHwMeHW.jpeg
Ruth Cadbury,ruthcadburymp@parliament.uk,,https://twitter.com/ruthcadbury,http://www.ruthcadbury.org.uk/,https://api.parliament.uk/photo/wAQr7oYd.jpeg
Sir Vince Cable,vince.cable.mp@parliament.uk,,https://twitter.com/vincecable,,https://api.parliament.uk/photo/yBBERkOB.jpeg
Alun Cairns,alun.cairns.mp@parliament.uk,https://www.facebook.com/aluncairns,https://twitter.com/aluncairns,http://www.aluncairns.co.uk/,
Dr Lisa Cameron,lisa.cameron.mp@parliament.uk,,https://twitter.com/drlisacameronmp,http://www.lisacameronmp.scot/,https://api.parliament.uk/photo/wMAjeoGM.jpeg
Mr Ronnie Campbell,ronnie.campbell.mp@parliament.uk,,,,https://api.parliament.uk/photo/IHhG7YOV.jpeg
Mr Gregory Campbell,fieldingm@parliament.uk,,,http://www.duplondonderry.co.uk/campbell.html,
Alistair Burt,alistair.burt.mp@parliament.uk,,https://twitter.com/alistairburtmp,http://www.alistair-burt.co.uk/,https://api.parliament.uk/photo/5K0T2MCb.jpeg
Dan Carden,dan.carden.mp@parliament.uk,,https://twitter.com/dancardenmp,,https://api.parliament.uk/photo/IdoGLvRa.jpeg
Sir Alan Campbell,alan.campbell.mp@parliament.uk,,https://twitter.com/alancampbellmp,http://www.alancampbellmp.co.uk/,https://api.parliament.uk/photo/iZvILeVv.jpeg
James Cartlidge,james.cartlidge.mp@parliament.uk,,https://twitter.com/jc4southsuffolk,,https://api.parliament.uk/photo/RkmAqR6t.jpeg
Maria Caulfield,maria.caulfield.mp@parliament.uk,,https://twitter.com/mariacaulfield,http://www.mariacaulfield.co.uk/,https://api.parliament.uk/photo/iU50FP1E.jpeg
Mr Alistair Carmichael,carmichaela@parliament.uk,,https://twitter.com/acarmichaelmp,http://www.alistaircarmichael.org.uk/,https://api.parliament.uk/photo/9z7cU6u1.jpeg
Alex Chalk,alex.chalk.mp@parliament.uk,,https://twitter.com/alexchalkchelt,http://www.alexchalk.com/,https://api.parliament.uk/photo/Z8ZSSL3v.jpeg
Douglas Chapman,douglas.chapman.mp@parliament.uk,,https://twitter.com/dougchapmansnp,,https://api.parliament.uk/photo/qlpoRUZN.jpeg
Sir William Cash,cashw@parliament.uk,,https://twitter.com/billcashmp,http://www.billcashmp.co.uk/,https://api.parliament.uk/photo/2lKnleNx.jpeg
Bambos Charalambous,bambos.charalambous.mp@parliament.uk,,https://twitter.com/bambosmp,,https://api.parliament.uk/photo/ULth1S6K.jpeg
Jenny Chapman,jenny.chapman.mp@parliament.uk,,https://twitter.com/jennychapman,,https://api.parliament.uk/photo/zMaMXB7c.jpeg
Sarah Champion,sarah.champion.mp@parliament.uk,,https://twitter.com/sarahchampionmp,http://www.sarahchampionmp.com/,
Rehman Chishti,rehman.chishti.mp@parliament.uk,,https://twitter.com/rehman_chishti,http://www.rehmanchishti.com/,https://api.parliament.uk/photo/GX3Qpb4n.jpeg
Joanna Cherry,joanna.cherry.mp@parliament.uk,https://www.facebook.com/joannacherrymp/,https://twitter.com/joannaccherry,http://www.snp.org/joanna_cherry,
Colin Clark,colin.clark.mp@parliament.uk,https://www.facebook.com/colinclarkmp,https://twitter.com/colin_j_clark,,https://api.parliament.uk/photo/rG7ajpgC.jpeg
Jo Churchill,jo.churchill.mp@parliament.uk,,https://twitter.com/jochurchill4,http://www.jochurchill.org.uk/,https://api.parliament.uk/photo/xqwjbwrX.jpeg
Greg Clark,gregclarkmp@parliament.uk,,https://twitter.com/gregclarkmp,http://www.gregclark.org/,https://api.parliament.uk/photo/oWwZ7Ied.jpeg
Mr Simon Clarke,simon.clarke.mp@parliament.uk,https://www.facebook.com/simon4msec/,https://twitter.com/simonclarke84,http://www.simon-clarke.org.uk/,https://api.parliament.uk/photo/h0Ul3RjW.jpeg
James Cleverly,james.cleverly.mp@parliament.uk,,https://twitter.com/jamescleverly,,https://api.parliament.uk/photo/UsRqefmQ.jpeg
Sir Christopher Chope,chopec@parliament.uk,,,http://www.chrischope.com/,https://api.parliament.uk/photo/FR2333co.jpeg
Mr Kenneth Clarke,clarkek@parliament.uk; suggd@parliament.uk,,,,https://api.parliament.uk/photo/QQuEfBIf.jpeg
Dr Thérèse Coffey,therese.coffey.mp@parliament.uk,,https://twitter.com/theresecoffey,http://www.theresecoffeymp.com/,https://api.parliament.uk/photo/CsHBoP4f.jpeg
Ann Coffey,ann.coffey.mp@parliament.uk,,https://twitter.com/anncoffey_mp,http://www.anncoffeymp.com/,https://api.parliament.uk/photo/E5uGUSji.jpeg
Damian Collins,damian.collins.mp@parliament.uk,,https://twitter.com/damiancollins,http://www.damiancollins.com/,https://api.parliament.uk/photo/8DZZ3k0G.jpeg
Julie Cooper,julie.cooper.mp@parliament.uk,,https://twitter.com/julieforburnley,,https://api.parliament.uk/photo/ycs7uRnW.jpeg
Ann Clwyd,ann.clwyd.mp@parliament.uk,,https://twitter.com/annclwyd,,https://api.parliament.uk/photo/4jFz2FbF.jpeg
Vernon Coaker,vernon.coaker.mp@parliament.uk,,https://twitter.com/vernon_coaker,http://www.vernon-coaker-mp.co.uk/,https://api.parliament.uk/photo/v6j1w9XL.jpeg
Sir Geoffrey Clifton-Brown,cliftonbrowng@parliament.uk,,,http://www.cliftonbrown.co.uk/,https://api.parliament.uk/photo/qTS9p0HC.jpeg
Rosie Cooper,,,https://twitter.com/rosie4westlancs,http://www.rosiecooper.net/,
Robert Courts,robert.courts.mp@parliament.uk,,https://twitter.com/robertcourts,http://www.robertcourts.co.uk/,https://api.parliament.uk/photo/EVb7ZgLk.jpeg
Jeremy Corbyn,leader@labour.org.uk,https://www.facebook.com/jeremycorbynmp/,https://twitter.com/jeremycorbyn,http://www.jeremycorbyn.org.uk/,https://api.parliament.uk/photo/u0mXpY2m.jpeg
Alberto Costa,alberto.costa.mp@parliament.uk,,https://twitter.com/albertocostamp,http://www.albertocosta.org.uk/,https://api.parliament.uk/photo/iTZlAiXE.jpeg
Ronnie Cowan,ronnie.cowan.mp@parliament.uk,,https://twitter.com/ronniecowan,,https://api.parliament.uk/photo/wxVokNsQ.jpeg
Stephen Crabb,stephen.crabb.mp@parliament.uk,,https://twitter.com/scrabbmp,http://www.stephencrabb.com/,https://api.parliament.uk/photo/PSaJ1P62.jpeg
Neil Coyle,neil.coyle.mp@parliament.uk,,https://twitter.com/coyleneil,http://www.boslabour.org.uk/,https://api.parliament.uk/photo/idoGzlWu.jpeg
Mr Geoffrey Cox,coxg@parliament.uk,,https://twitter.com/geoffrey_cox,http://www.geoffreycox.co.uk/,https://api.parliament.uk/photo/WEQopKaa.jpeg
Angela Crawley,angela.crawley.mp@parliament.uk,,https://twitter.com/angelacrawleymp,http://www.snp.org/angela_crawley,https://api.parliament.uk/photo/nvZdzF9i.jpeg
Yvette Cooper,coopery@parliament.uk,https://www.facebook.com/yvettecoopermp,https://twitter.com/yvettecoopermp,http://www.yvettecooper.com/,https://api.parliament.uk/photo/bxxIPrkn.jpeg
Sir David Crausby,crausbyd@parliament.uk,,https://twitter.com/davidcrausby,http://www.davidcrausby.co.uk/,https://api.parliament.uk/photo/eocOTGGY.jpeg
Tracey Crouch,tracey.crouch.mp@parliament.uk,https://www.facebook.com/traceycrouchmp,https://twitter.com/tracey_crouch,http://www.traceycrouch.org/,https://api.parliament.uk/photo/XZW6kFbx.jpeg
Stella Creasy,stella.creasy.mp@parliament.uk,,https://twitter.com/stellacreasy,http://www.workingforwalthamstow.org.uk/,https://api.parliament.uk/photo/f3okS1Dq.jpeg
Mary Creagh,creaghm@parliament.uk,https://www.facebook.com/marycreaghwakefield,https://twitter.com/marycreaghmp,http://www.marycreagh.co.uk/,https://api.parliament.uk/photo/6KNra3o8.jpeg
Jon Cruddas,cruddasj@parliament.uk,,https://twitter.com/joncruddas_1,http://www.joncruddas.org.uk/,https://api.parliament.uk/photo/XFOqufbf.jpeg
John Cryer,john.cryer.mp@parliament.uk,,,,https://api.parliament.uk/photo/sbdN6sLq.jpeg
Alex Cunningham,alex.cunningham.mp@parliament.uk,https://www.facebook.com/alexcunninghammp,https://twitter.com/acunninghammp,http://www.alexcunninghammp.com/,https://api.parliament.uk/photo/9HpfrWAp.jpeg
Judith Cummins,judith.cummins.mp@parliament.uk,,https://twitter.com/judithcummins,http://www.judithcummins.org.uk/,https://api.parliament.uk/photo/QOsIOQdL.jpeg
Janet Daby,janet.daby.mp@parliament.uk,,,,
Sir Edward Davey,edward.davey.mp@parliament.uk,,,http://www.edwarddavey.co.uk/,https://api.parliament.uk/photo/R2rpEUp1.jpeg
Mr Jim Cunningham,jim.cunningham.mp@parliament.uk,,,http://www.jimcunningham.org.uk/,https://api.parliament.uk/photo/U7B8vkKY.jpeg
Nic Dakin,nic.dakin.mp@parliament.uk,https://www.facebook.com/pages/nic-dakin/186874346397,https://twitter.com/nicdakinmp,http://www.nicdakin.com/,https://api.parliament.uk/photo/YbyWF4Je.jpeg
Wayne David,davidw@parliament.uk,,https://twitter.com/waynedavid_mp,http://www.waynedavid.labour.co.uk/,
Chris Davies,chris.davies.mp@parliament.uk,https://www.facebook.com/chrisdaviesbr,https://twitter.com/chrisdavies_mp,http://www.chrisdavies.org.uk/,https://api.parliament.uk/photo/fvHtpsGn.jpeg
Glyn Davies,contact@glyn-davies.co.uk,,https://twitter.com/glyndaviesmp,http://www.glyn-davies.co.uk/,
Mims Davies,mims.davies.mp@parliament.uk,,https://twitter.com/mimsdavies,,https://api.parliament.uk/photo/izydk2Z2.jpeg
David T. C. Davies,david.davies.mp@parliament.uk,,https://twitter.com/davidtcdavies,http://www.david-daviesmp.co.uk/,https://api.parliament.uk/photo/FWsGUaBZ.jpeg
Geraint Davies,geraint.davies.mp@parliament.uk,,https://twitter.com/geraintdaviesmp,http://www.geraintdavies.org.uk/,https://api.parliament.uk/photo/9q4A5YXC.jpeg
Mr David Davis,david.davis.mp@parliament.uk,,,,https://api.parliament.uk/photo/QmC3ur3M.jpeg
Philip Davies,daviesp@parliament.uk,,https://twitter.com/philipdaviesmp,http://www.philip-davies.org.uk/,https://api.parliament.uk/photo/r5Zaif25.jpeg
Martyn Day,martyn.day.mp@parliament.uk,,,,https://api.parliament.uk/photo/l0WUTlOQ.jpeg
Marsha De Cordova,marsha.decordova.mp@parliament.uk,,https://twitter.com/marshadecordova,http://marshadecordova.co.uk/,https://api.parliament.uk/photo/2mGlsJ1w.jpeg
Thangam Debbonaire,thangam.debbonaire.mp@parliament.uk,,https://twitter.com/thangammp,http://www.debbonaire.co.uk/,https://api.parliament.uk/photo/dzpmUD38.jpeg
Emma Dent Coad,emma.dentcoad.mp@parliament.uk,,https://twitter.com/emmadentcoad,,
Gloria De Piero,gloria.depiero.mp@parliament.uk,,https://twitter.com/gloriadepiero,http://www.gloria-de-piero.co.uk/,https://api.parliament.uk/photo/ERNo5xyw.jpeg
Mr Tanmanjeet Singh Dhesi,tan.dhesi.mp@parliament.uk,https://www.facebook.com/tandhesi/,https://twitter.com/tandhesi,http://www.tsdhesi.com/,https://api.parliament.uk/photo/VUZifWUi.jpeg
Caroline Dinenage,caroline.dinenage.mp@parliament.uk,,https://twitter.com/cj_dinenage,http://caroline4gosport.co.uk/,
Leo Docherty,leo.docherty.mp@parliament.uk,https://www.facebook.com/pg/leodocherty4aldershot/,https://twitter.com/leodochertyuk,https://www.leodocherty.org.uk/,https://api.parliament.uk/photo/rUaM4hjf.jpeg
Mr Jonathan Djanogly,jonathan.djanogly.mp@parliament.uk,,https://twitter.com/jdjanogly,http://www.jonathandjanogly.com/,https://api.parliament.uk/photo/rIJRI66O.jpeg
Martin Docherty-Hughes,martin.docherty.mp@parliament.uk,http://www.facebook.com/martindochertysnp,https://twitter.com/martinjdocherty,http://www.martindocherty.scot/,https://api.parliament.uk/photo/J0H0d0no.jpeg
Anneliese Dodds,anneliese.dodds.mp@parliament.uk,,,,https://api.parliament.uk/photo/isIfAViW.jpeg
Michelle Donelan,michelle.donelan.mp@parliament.uk,https://www.facebook.com/michelledonelanchippenham,https://twitter.com/teamdonelan,http://michelledonelan.co.uk/,https://api.parliament.uk/photo/20EHxcQG.jpeg
Steve Double,steve.double.mp@parliament.uk,,https://twitter.com/stevedouble,http://www.stevedouble.org.uk/,https://api.parliament.uk/photo/fSZSZ6Az.jpeg
Ms Nadine Dorries,dorriesn@parliament.uk,,https://twitter.com/nadinedorriesmp,http://blog.dorries.org/,https://api.parliament.uk/photo/Epsj50Yy.jpeg
Nigel Dodds,doddsn@parliament.uk,,https://twitter.com/nigeldoddsmp,,https://api.parliament.uk/photo/DAk4GVCL.jpeg
Stephen Doughty,stephen.doughty.mp@parliament.uk,https://www.facebook.com/stephendoughtymp,https://twitter.com/sdoughtymp,http://www.stephendoughty.org.uk/,https://api.parliament.uk/photo/1PWkdD3f.jpeg
Peter Dowd,peter.dowd.mp@parliament.uk,,https://twitter.com/peter_dowd,,https://api.parliament.uk/photo/UhXuZCjM.jpeg
Oliver Dowden,oliver.dowden.mp@parliament.uk,,,http://www.oliverdowden.com/,https://api.parliament.uk/photo/FNlxbMGv.jpeg
Jackie Doyle-Price,jackie.doyleprice.mp@parliament.uk,,https://twitter.com/jackiedp,http://www.jackiedoyleprice.com/,https://api.parliament.uk/photo/4dd6qxhU.jpeg
Richard Drax,richard.drax.mp@parliament.uk,,,http://www.richarddrax.com/,
Dr David Drew,david.drew.mp@parliament.uk,,,,https://api.parliament.uk/photo/U5ex1u42.jpeg
Rosie Duffield,rosie.duffield.mp@parliament.uk,,https://twitter.com/rosieduffield1,http://www.rosieduffieldmp.co.uk/,https://api.parliament.uk/photo/Kq5sSqgf.jpeg
Jack Dromey,jack.dromey.mp@parliament.uk,,https://twitter.com/jackdromeymp,http://www.jackdromey.org/,https://api.parliament.uk/photo/8IaGHQzb.jpeg
David Duguid,david.duguid.mp@parliament.uk,https://www.facebook.com/davidduguidmp/,https://twitter.com/david_duguid,,https://api.parliament.uk/photo/IME2DDyQ.jpeg
James Duddridge,james@jamesduddridge.com,https://www.facebook.com/jamespduddridge/,https://twitter.com/jamesduddridge,http://www.jamesduddridge.com/,https://api.parliament.uk/photo/ln4S1h3j.jpeg
Mr Iain Duncan Smith,iain.duncansmith.mp@parliament.uk,,,http://www.iainduncansmith.org.uk/,https://api.parliament.uk/photo/QKFLcYZ8.jpeg
Sir Alan Duncan,alan.duncan.mp@parliament.uk,,https://twitter.com/alanduncanmp,http://www.alanduncan.org.uk/,https://api.parliament.uk/photo/rXBvDWYV.jpeg
Maria Eagle,eaglem@parliament.uk,,https://twitter.com/meaglemp,https://www.mariaeagle.co.uk/,https://api.parliament.uk/photo/9ybWAYuq.jpeg
Mr Philip Dunne,philip.dunne.mp@parliament.uk,,https://twitter.com/dunne4ludlow,http://www.philipdunne.com/,https://api.parliament.uk/photo/T1Qht1jY.jpeg
Jonathan Edwards,jonathan.edwards.mp@parliament.uk,,https://twitter.com/jonathanplaid,http://www.jonathanedwards.org.uk/,https://api.parliament.uk/photo/40mFTFxX.jpeg
Julie Elliott,julie.elliott.mp@parliament.uk,,https://twitter.com/julieelliottmp,http://julie4sunderland.co.uk/,https://api.parliament.uk/photo/DyYtdVIA.jpeg
Clive Efford,effordc@parliament.uk,,https://twitter.com/cliveefford,http://www.cliveefford.org.uk/,https://api.parliament.uk/photo/zpoBq2p5.jpeg
Michael Ellis,michael.ellis.mp@parliament.uk,,https://twitter.com/michael_ellis1,http://www.michaelellis.co.uk/,https://api.parliament.uk/photo/5uni5ZvR.jpeg
Mr Tobias Ellwood,tobias.ellwood.mp@parliament.uk,,https://twitter.com/tobias_ellwood,http://www.tobiasellwood.com/,https://api.parliament.uk/photo/qO6PtJ4r.jpeg
Ms Angela Eagle,eaglea@parliament.uk,,https://twitter.com/angelaeagle,http://www.angelaeaglemp.co.uk/,https://api.parliament.uk/photo/cqAm4CyH.jpeg
Sir Jeffrey M. Donaldson,jeffrey.donaldson.mp@parliament.uk,,https://twitter.com/j_donaldson_mp,,https://api.parliament.uk/photo/rcd3EBUk.jpeg
Chris Elmore,chris.elmore.mp@parliament.uk,https://www.facebook.com/chriselmoremp/,https://twitter.com/cpjelmore,http://www.chriselmore.co.uk/,https://api.parliament.uk/photo/SZ0wMZuM.jpeg
Charlie Elphicke,charlie.elphicke.mp@parliament.uk,,https://twitter.com/charlieelphicke,http://www.elphicke.com/,
Dame Louise Ellman,louise.ellman.mp@parliament.uk; james.floyd@parliament.uk,,https://twitter.com/louiseellman,http://www.louiseellman.co.uk/,https://api.parliament.uk/photo/BBW7SXHi.jpeg
Bill Esterson,bill.esterson.mp@parliament.uk,,https://twitter.com/bill_esterson,http://www.billesterson.org.uk/,https://api.parliament.uk/photo/4Jddstoh.jpeg
George Eustice,george.eustice.mp@parliament.uk,,,,https://api.parliament.uk/photo/js3tztjj.jpeg
Chris Evans,chris.evans.mp@parliament.uk,,,http://www.chrisevansmp.co.uk/,https://api.parliament.uk/photo/iOgCNHsj.jpeg
Mr Nigel Evans,evansn@parliament.uk,,,,https://api.parliament.uk/photo/a6J7hadW.jpeg
Sir David Evennett,david.evennett.mp@parliament.uk,,https://twitter.com/davidevennett,http://davidevennett.com/,https://api.parliament.uk/photo/9HjNWkXK.jpeg
Michael Fabricant,,,https://twitter.com/mike_fabricant,http://www.michael.fabricant.mp.co.uk/contact.ihtml,https://api.parliament.uk/photo/LSdx1X8O.jpeg
Tim Farron,farront@parliament.uk,,https://twitter.com/timfarron,http://www.timfarron.co.uk/,
Paul Farrelly,paul.farrelly.mp@parliament.uk,,,http://www.paulfarrelly.com/,https://api.parliament.uk/photo/rjAvAw82.jpeg
Mark Field,fieldm@parliament.uk,,https://twitter.com/markfieldmp,http://www.markfieldmp.com/,
Marion Fellows,marion.fellows.mp@parliament.uk,,https://twitter.com/marionfellows,http://marionfellows.scot/,https://api.parliament.uk/photo/ER79Jjll.jpeg
Sir Michael Fallon,michael.fallon.mp@parliament.uk,,,http://www.michaelfallonmp.org.uk/,https://api.parliament.uk/photo/3UJ7otWM.jpeg
Frank Field,fieldf@parliament.uk,,https://twitter.com/frankfieldteam,http://www.frankfield.co.uk/,https://api.parliament.uk/photo/l4dKl7Aq.jpeg
Vicky Ford,vicky.ford.mp@parliament.uk,,https://twitter.com/vickyford,,https://api.parliament.uk/photo/jFFcDSnI.jpeg
Jim Fitzpatrick,jim.fitzpatrick.mp@parliament.uk,,https://twitter.com/fitzmp,http://www.jimfitzpatrickmp.org/,https://api.parliament.uk/photo/rKoebVY2.jpeg
Colleen Fletcher,colleen.fletcher.mp@parliament.uk,,,,https://api.parliament.uk/photo/z2DQJhDw.jpeg
Caroline Flint,caroline.flint.mp@parliament.uk,,https://twitter.com/carolineflintmp,http://www.carolineflint.org/,https://api.parliament.uk/photo/ZUl60S6j.jpeg
Yvonne Fovargue,yvonne.fovargue.mp@parliament.uk,https://www.facebook.com/yvonnefovargue4makerfield,https://twitter.com/y_fovarguemp,http://www.yvonnefovargue.com/,https://api.parliament.uk/photo/GNo8vfIE.jpeg
Kevin Foster,kevin.foster.mp@parliament.uk,,https://twitter.com/kevin_j_foster,http://www.kevinjfoster.com/,https://api.parliament.uk/photo/fj5to8In.jpeg
Vicky Foxcroft,vicky.foxcroft.mp@parliament.uk,,https://twitter.com/vickyfoxcroft,http://www.vickyfoxcroft.org.uk/,https://api.parliament.uk/photo/TTED21Ej.jpeg
Dr Liam Fox,ione.douglas@parliament.uk,,https://twitter.com/liamfox,,https://api.parliament.uk/photo/7atPThDs.jpeg
Mr Mark Francois,mark.francois.mp@parliament.uk,,,,https://api.parliament.uk/photo/7J93KlaA.jpeg
James Frith,james.frith.mp@parliament.uk,https://www.facebook.com/jamesfrithbury/,https://twitter.com/jamesfrith,http://www.jamesfrith.org/,https://api.parliament.uk/photo/K2fIt7Wi.jpeg
Lucy Frazer,lucy.frazer.mp@parliament.uk,,,http://www.lucyfrazer.org.uk/,https://api.parliament.uk/photo/argxzvrH.jpeg
Gill Furniss,gill.furniss.mp@parliament.uk,,https://twitter.com/gillfurnissmp,,https://api.parliament.uk/photo/przuoskX.jpeg
Mike Freer,mike.freer.mp@parliament.uk,,https://twitter.com/mikefreermp,,
George Freeman,george.freeman.mp@parliament.uk,,https://twitter.com/freeman_george,http://www.georgefreeman.co.uk/,
Barry Gardiner,gardinerb@parliament.uk,,https://twitter.com/barrygardiner,http://www.barrygardiner.com/,https://api.parliament.uk/photo/So2ZlPlB.jpeg
Mr Marcus Fysh,marcus.fysh.mp@parliament.uk,,https://twitter.com/marcusfysh,http://www.marcusfysh.org.uk/,https://api.parliament.uk/photo/U9Jpo3yv.jpeg
Hugh Gaffney,hugh.gaffney.mp@parliament.uk,,https://twitter.com/hughgaffneymp,,https://api.parliament.uk/photo/NA0Iy1jJ.jpeg
Sir Roger Gale,galerj@parliament.uk,https://www.facebook.com/north.thanet.roger.gale,,http://www.rogergale.co.uk/,https://api.parliament.uk/photo/7Bi5ZCgz.jpeg
Mark Garnier,mark.garnier.mp@parliament.uk,,https://twitter.com/mark4wyreforest,http://www.markgarnier.co.uk/,https://api.parliament.uk/photo/Ec9cb3hB.jpeg
Mr David Gauke,gauked@parliament.uk,,,http://www.davidgauke.com/,https://api.parliament.uk/photo/RryfFahT.jpeg
Ruth George,ruth.george.mp@parliament.uk,https://www.facebook.com/ruthgeorgehp/,,http://ruthforhighpeak.co.uk/,https://api.parliament.uk/photo/pkMCJO2T.jpeg
Mike Gapes,mike.gapes.mp@parliament.uk,,https://twitter.com/mikegapes,http://www.mikegapes.org/,https://api.parliament.uk/photo/qOcWHyrg.jpeg
Ms Nusrat Ghani,nusrat.ghani.mp@parliament.uk,,https://twitter.com/nus_ghani,http://www.nusghani.org.uk/,https://api.parliament.uk/photo/V3oubDq6.jpeg
Stephen Gethins,stephen.gethins.mp@parliament.uk,https://www.facebook.com/stephengethinssnp,https://twitter.com/stephengethins,http://stephengethins.scot/,https://api.parliament.uk/photo/U4SKa2HG.jpeg
Patricia Gibson,patricia.gibson.mp@parliament.uk,,https://twitter.com/pgibsonsnp,http://www.snp.org/patricia_gibson,https://api.parliament.uk/photo/1OUMcPUi.jpeg
Nick Gibb,gibbn@parliament.uk,https://www.facebook.com/nickgibbofficial,https://twitter.com/nickgibbuk,https://www.nickgibb.org.uk/,
Michelle Gildernew,michelle.gildernew.mp@parliament.uk,,https://twitter.com/gildernewm,,
Preet Kaur Gill,preet.gill.mp@parliament.uk,https://www.facebook.com/preetkaurgillmp/,https://twitter.com/preetkgillmp,,https://api.parliament.uk/photo/872MNlvd.jpeg
Paul Girvan,paul.girvan.mp@parliament.uk,,https://twitter.com/paulgirvanmp,,https://api.parliament.uk/photo/6G2fLxyN.jpeg
Dame Cheryl Gillan,cheryl.gillan.mp@parliament.uk,,https://twitter.com/cherylgillanmp,,https://api.parliament.uk/photo/ecUw3gBP.jpeg
Mr Roger Godsiff,godsiffr@parliament.uk,,https://twitter.com/rogergodsiff,http://www.rogergodsiffmp.co.uk/,https://api.parliament.uk/photo/ymCibLAe.jpeg
Mary Glindon,mary.glindon.mp@parliament.uk,,,http://www.maryglindonmp.co.uk/,https://api.parliament.uk/photo/qWkO2HUE.jpeg
Helen Goodman,goodmanh@parliament.uk,,https://twitter.com/helengoodmanmp,http://www.helengoodman.org.uk/,https://api.parliament.uk/photo/LpLodnyp.jpeg
Zac Goldsmith,zac@zacgoldsmith.com,,https://twitter.com/zacgoldsmith,http://www.zacgoldsmith.com/,https://api.parliament.uk/photo/PxWXATZF.jpeg
John Glen,john.glen.mp@parliament.uk,https://www.facebook.com/johnglenmp,https://twitter.com/johnglenmp,http://www.johnglen.org.uk/,https://api.parliament.uk/photo/yDmqQjwJ.jpeg
Mr Robert Goodwill,robert.goodwill.mp@parliament.uk,,,http://www.robertgoodwill.co.uk/,https://api.parliament.uk/photo/lBo9vE04.jpeg
Michael Gove,michael.gove.mp@parliament.uk,,,http://www.michaelgove.com/,https://api.parliament.uk/photo/U6auUM9t.jpeg
Patrick Grady,patrick.grady.mp@parliament.uk,https://www.facebook.com/patrickgradysnp,https://twitter.com/gradysnp,http://www.patrickgrady.scot/,https://api.parliament.uk/photo/6fE3qLbd.jpeg
Luke Graham,luke.graham.mp@parliament.uk,https://www.facebook.com/lukegrahammp,https://twitter.com/lukegrahammp?lang=en,https://www.lukegraham.org.uk/,https://api.parliament.uk/photo/d2O86mzp.jpeg
Richard Graham,richard.graham.mp@parliament.uk,,https://twitter.com/richardgrahammp,http://www.richardgraham.org/,https://api.parliament.uk/photo/KS4X3MOM.jpeg
Bill Grant,bill.grant.mp@parliament.uk,,,,https://api.parliament.uk/photo/MemhtiC8.jpeg
Mrs Helen Grant,helen.grant.mp@parliament.uk,,https://twitter.com/helengrantmp,http://www.helengrant.org/,https://api.parliament.uk/photo/qOb0SorR.jpeg
Peter Grant,peter.grant.mp@parliament.uk,,https://twitter.com/petergrantmp,http://petergrant.scot/,https://api.parliament.uk/photo/FQWtURXo.jpeg
Neil Gray,neil.gray.mp@parliament.uk,https://www.facebook.com/neilgraysnp,https://twitter.com/neilgraymp,https://www.snp.org/neil_gray,https://api.parliament.uk/photo/8oQNNECY.jpeg
James Gray,jamesgraymp@parliament.uk,,https://twitter.com/@jgray,http://www.jamesgray.org/,https://api.parliament.uk/photo/o2bvWMmc.jpeg
Chris Grayling,chris.grayling.mp@parliament.uk,,,http://www.chrisgrayling.net/,https://api.parliament.uk/photo/NTVJA6BT.jpeg
Chris Green,chris.green.mp@parliament.uk,https://www.facebook.com/chrisgreen4boltonwest,https://twitter.com/cgreenuk,http://www.chris-green.org.uk/,https://api.parliament.uk/photo/vs02oJvp.jpeg
Damian Green,damian.green.mp@parliament.uk,,https://twitter.com/damiangreenmp,http://www.damiangreenmp.org.uk/,https://api.parliament.uk/photo/MZCGKt9G.jpeg
Justine Greening,greeningj@parliament.uk,,https://twitter.com/justinegreening,http://www.justinegreening.co.uk/,https://api.parliament.uk/photo/Y4oAuVyT.jpeg
Kate Green,kate.green.mp@parliament.uk,,https://twitter.com/kategreensu,http://www.kategreen.org/,https://api.parliament.uk/photo/u6G5Axs9.jpeg
Lilian Greenwood,lilian.greenwood.mp@parliament.uk,,https://twitter.com/liliangreenwood,http://www.liliangreenwood.co.uk/,https://api.parliament.uk/photo/g4moF21E.jpeg
Margaret Greenwood,margaret.greenwood.mp@parliament.uk,,https://twitter.com/mgreenwoodww,http://www.margaretgreenwood.org.uk/,
Mr Dominic Grieve,dominic.grieve.mp@parliament.uk,,,http://www.dominicgrieve.org.uk/,https://api.parliament.uk/photo/6cSfBUrB.jpeg
John Grogan,john.grogan.mp@parliament.uk,,,,https://api.parliament.uk/photo/aA9ZT0KQ.jpeg
Andrew Griffiths,andrew.griffiths.mp@parliament.uk,,https://twitter.com/agriffithsmp,http://www.andrewgriffithsmp.com/,https://api.parliament.uk/photo/1zgsEUsg.jpeg
Nia Griffith,nia.griffith.mp@parliament.uk,https://www.facebook.com/pages/nia-griffith-mp/154165864657660,https://twitter.com/niagriffithmp,http://niagriffith.org.uk/,https://api.parliament.uk/photo/a0FQzfpm.jpeg
Mr Sam Gyimah,sam@samgyimah.com,,https://twitter.com/samgyimah,http://www.samgyimah.com/,https://api.parliament.uk/photo/ESxWtqVM.jpeg
Andrew Gwynne,gwynnea@parliament.uk,https://www.facebook.com/gwynnemp,https://twitter.com/gwynnemp,http://www.andrewgwynne.co.uk/,https://api.parliament.uk/photo/S4ILw89O.jpeg
Louise Haigh,louise.haigh.mp@parliament.uk,,https://twitter.com/louhaigh,http://www.louisehaigh.org.uk/,
Robert Halfon,,,https://twitter.com/halfon4harlowmp,http://www.roberthalfon.com/,https://api.parliament.uk/photo/GE0mLuOm.jpeg
Kirstene Hair,kirstene.hair.mp@parliament.uk,,https://twitter.com/kirstene4angus,,https://api.parliament.uk/photo/jVYLugd1.jpeg
Fabian Hamilton,fabian.hamilton.mp@parliament.uk,,,http://www.leedsne.co.uk/,https://api.parliament.uk/photo/2b5lvzmv.jpeg
Luke Hall,luke.hall.mp@parliament.uk,,https://twitter.com/lukehallmp,http://www.lukehall.org.uk/,https://api.parliament.uk/photo/VhRSGXdQ.jpeg
Mr Philip Hammond,philip.hammond.mp@parliament.uk,,https://twitter.com/philiphammonduk,http://rthonphiliphammond.co.uk/,https://api.parliament.uk/photo/7TYGE6Fu.jpeg
Stephen Hammond,stephen.hammond.mp@parliament.uk,,https://twitter.com/s_hammond,https://www.stephenhammond.net/,https://api.parliament.uk/photo/havFWbhF.jpeg
Matt Hancock,matt.hancock.mp@parliament.uk,,https://twitter.com/matthancock,https://www.matt-hancock.com/,https://api.parliament.uk/photo/CYdnw3QK.jpeg
Greg Hands,handsg@parliament.uk,,https://twitter.com/greghands,http://www.greghands.com/,https://api.parliament.uk/photo/6Ne4kK4G.jpeg
David Hanson,david.hanson.mp@parliament.uk,,https://twitter.com/davidhansonmp,http://www.davidhanson.org.uk/,https://api.parliament.uk/photo/b8Rtx6QU.jpeg
Emma Hardy,emma.hardy.mp@parliament.uk,,https://twitter.com/emmahardymp,,https://api.parliament.uk/photo/zb5FfRrm.jpeg
Mr Mark Harper,mark.harper.mp@parliament.uk,,https://twitter.com/mark_j_harper,http://www.markharper.org/,https://api.parliament.uk/photo/Yf1R70yh.jpeg
Ms Harriet Harman,harriet.harman.mp@parliament.uk,,https://twitter.com/harrietharman,http://www.harrietharman.org/,https://api.parliament.uk/photo/ZY0Mx1bp.jpeg
Carolyn Harris,carolyn.harris.mp@parliament.uk,,https://twitter.com/carolynharris24,http://www.carolynharris.org.uk/,https://api.parliament.uk/photo/9cKMyZOH.jpeg
Richard Harrington,richard.harrington.mp@parliament.uk,,https://twitter.com/richard4watford,http://www.richardharrington.org.uk/,https://api.parliament.uk/photo/xWYp8vc1.jpeg
Rebecca Harris,rebecca.harris.mp@parliament.uk,,,,https://api.parliament.uk/photo/DJxnxv1d.jpeg
Trudy Harrison,trudy.harrison.mp@parliament.uk,,,https://www.trudyharrison.co.uk/,https://api.parliament.uk/photo/j1KOLMlm.jpeg
Simon Hart,simon.hart.mp@parliament.uk,,https://twitter.com/simonhartmp,http://www.simon-hart.com/,https://api.parliament.uk/photo/TsSn0WEg.jpeg
Helen Hayes,helen.hayes.mp@parliament.uk,,https://twitter.com/helenhayes_,http://www.helenhayes.org.uk/,https://api.parliament.uk/photo/HxybrssH.jpeg
Sir John Hayes,hayesj@parliament.uk,,,,https://api.parliament.uk/photo/5GcwtQk5.jpeg
Sue Hayman,sue.hayman.mp@parliament.uk,,https://twitter.com/suehayman1,,https://api.parliament.uk/photo/1qErnoaa.jpeg
Chris Hazzard,chris.hazzard.mp@parliament.uk,,https://twitter.com/chrishazzardsf,,
James Heappey,james.heappey.mp@parliament.uk,,https://twitter.com/jsheappey,http://www.jamesheappey.org.uk/,
John Healey,john.healey.mp@parliament.uk,,https://twitter.com/johnhealey_mp,http://www.johnhealeymp.co.uk/,https://api.parliament.uk/photo/kACfiyAi.jpeg
Chris Heaton-Harris,chris.heatonharris.mp@parliament.uk,https://www.facebook.com/chhcalling/,https://twitter.com/chhcalling,http://www.heatonharris.com/,https://api.parliament.uk/photo/QNa6TL4p.jpeg
Sir Oliver Heald,oliver.heald.mp@parliament.uk,,https://twitter.com/oliverhealdmp,http://www.oliverhealdmp.com/,https://api.parliament.uk/photo/RU2IYkqv.jpeg
Peter Heaton-Jones,peter.heatonjones.mp@parliament.uk,,https://twitter.com/peternorthdevon,http://www.peterheatonjones.org.uk/,https://api.parliament.uk/photo/f8ztIkPb.jpeg
Gordon Henderson,gordon.henderson.mp@parliament.uk,https://www.facebook.com/vote4gordonhenderson,,http://www.gordonhendersonmp.org.uk/,
Drew Hendry,drew.hendry.mp@parliament.uk,,https://twitter.com/drewhendrysnp,http://drewhendrymp.scot/,https://api.parliament.uk/photo/N8EEMXBF.jpeg
Sir Mark Hendrick,mark.hendrick.mp@parliament.uk,,,http://www.prestonmp.co.uk/,https://api.parliament.uk/photo/V6oqSg6k.jpeg
Mr Stephen Hepburn,hepburns@parliament.uk,,,,https://api.parliament.uk/photo/DRbJkhpf.jpeg
Nick Herbert,nick@nickherbert.com,,https://twitter.com/nickherbertmp,http://www.nickherbert.com/,
Mike Hill,mike.hill.mp@parliament.uk,,,,https://api.parliament.uk/photo/wqm0phzp.jpeg
Meg Hillier,meghilliermp@parliament.uk,,https://twitter.com/meg_hilliermp,http://www.meghillier.com/,https://api.parliament.uk/photo/NecFWOuR.jpeg
Mr Damian Hinds,damian.hinds.mp@parliament.uk,,,http://www.damianhinds.com/,https://api.parliament.uk/photo/89DJM4ye.jpeg
Simon Hoare,simon.hoare.mp@parliament.uk,,https://twitter.com/simon4ndorset,,https://api.parliament.uk/photo/bJ4QxKut.jpeg
Wera Hobhouse,office@werahobhouse.co.uk,https://www.facebook.com/werahobhouse,https://twitter.com/wera_hobhouse,,https://api.parliament.uk/photo/T05WpRKE.jpeg
Mrs Sharon Hodgson,sharon.hodgson.mp@parliament.uk,,https://twitter.com/sharonhodgsonmp,http://www.sharonhodgson.org/,https://api.parliament.uk/photo/Gq1L1pIp.jpeg
Lady Hermon,sylvia.hermon.mp@parliament.uk,,,,https://api.parliament.uk/photo/dvQ1oInP.jpeg
Dame Margaret Hodge,hodgem@parliament.uk,,https://twitter.com/margarethodge,http://margaret-hodge.co.uk/,https://api.parliament.uk/photo/iXSJ5Acp.jpeg
Kate Hollern,kate.hollern.mp@parliament.uk,https://www.facebook.com/katehollernforblackburn/,https://twitter.com/kate_hollernmp,http://www.katehollern.org/,https://api.parliament.uk/photo/v1nslt4B.jpeg
Kate Hoey,hoeyk@parliament.uk,,https://twitter.com/hoeykatemp,http://www.katehoey.com/,
Kevin Hollinrake,kevin.hollinrake.mp@parliament.uk,,https://twitter.com/kevinhollinrake,http://www.kevinhollinrake.org.uk/,https://api.parliament.uk/photo/JgmduAdS.jpeg
Kelvin Hopkins,hopkinsk@parliament.uk,,,http://www.kelvinhopkinsmp.com/,https://api.parliament.uk/photo/2V6jp8Lc.jpeg
Mr Philip Hollobone,philip.hollobone.mp@parliament.uk,,,,https://api.parliament.uk/photo/2YruzNd1.jpeg
George Hollingbery,george.hollingbery.mp@parliament.uk,,,http://www.georgehollingbery.com/,https://api.parliament.uk/photo/j1onUkeo.jpeg
Adam Holloway,hollowaya@parliament.uk,,,http://www.adamholloway.co.uk/,
Stewart Hosie,hosies@parliament.uk,,https://twitter.com/stewarthosiemp,http://www.stewarthosie.com/,https://api.parliament.uk/photo/xUsMi3Oi.jpeg
John Howell,howelljm@parliament.uk,,https://twitter.com/johnhowellmp,http://www.johnhowellmp.com/,https://api.parliament.uk/photo/3fm3s5VN.jpeg
Sir Lindsay Hoyle,lindsay.hoyle.mp@parliament.uk,,https://twitter.com/lindsayhoyle_mp,,https://api.parliament.uk/photo/aNmJtA7U.jpeg
Nigel Huddleston,nigel.huddleston.mp@parliament.uk,,https://twitter.com/huddlestonnigel,http://www.nigelhuddleston.com/,https://api.parliament.uk/photo/3wHx2PJc.jpeg
Mr George Howarth,george.howarth.mp@parliament.uk,,,http://www.georgehowarth.org.uk/,https://api.parliament.uk/photo/Cie3iDZC.jpeg
Eddie Hughes,eddie.hughes.mp@parliament.uk,,https://twitter.com/eddiehughes4wn,,https://api.parliament.uk/photo/flTAAvHU.jpeg
Mr Jeremy Hunt,huntj@parliament.uk,,https://twitter.com/jeremy_hunt,http://www.jeremyhunt.org/,https://api.parliament.uk/photo/8yEbmErm.jpeg
Imran Hussain,imran.hussain.mp@parliament.uk,https://www.facebook.com/people/imran-hussain/100006977733061,https://twitter.com/imran_hussainmp,http://www.imranhussain.org.uk/,
Dr Rupa Huq,rupa.huq.mp@parliament.uk,,https://twitter.com/rupahuq,,https://api.parliament.uk/photo/CNnmHE23.jpeg
Mr Nick Hurd,nick.hurd.mp@parliament.uk,,https://twitter.com/nickhurdmp,http://www.nickhurd.com/,https://api.parliament.uk/photo/pUCP9F8Y.jpeg
Mr Alister Jack,alister.jack.mp@parliament.uk,,,https://www.alisterjack.co.uk/,https://api.parliament.uk/photo/IkKcCzpR.jpeg
Margot James,margot.james.mp@parliament.uk,,https://twitter.com/margot_james_mp,http://www.margotjames.com/,https://api.parliament.uk/photo/0qLRSwb3.jpeg
Christine Jardine,christine.jardine.mp@parliament.uk,,https://twitter.com/cajardinemp,,https://api.parliament.uk/photo/yFKF1d3m.jpeg
Dan Jarvis,dan.jarvis.mp@parliament.uk,,https://twitter.com/danjarvismp,http://www.danjarvismp.co.uk/,https://api.parliament.uk/photo/tbWufPA1.jpeg
Mr Ranil Jayawardena,email@ranil.uk,https://www.facebook.com/tellranil,https://twitter.com/tellranil,http://tellranil.com/,https://api.parliament.uk/photo/XR8Pnrrr.jpeg
Sajid Javid,sajid.javid.mp@parliament.uk,http://www.facebook.com/pages/sajid-javid-mp/179373355424859,https://twitter.com/sajidjavid,http://www.sajidjavid.com/,https://api.parliament.uk/photo/pZW47uRL.jpeg
Andrea Jenkyns,andrea.jenkyns.mp@parliament.uk,https://www.facebook.com/andrea4morley,https://twitter.com/andreajenkyns,http://www.andreajenkyns.co.uk/,
Boris Johnson,boris.johnson.mp@parliament.uk,,https://twitter.com/borisjohnson,,
Sir Bernard Jenkin,bernard.jenkin.mp@parliament.uk,,https://twitter.com/bernardjenkin,http://www.bernardjenkinmp.com/,https://api.parliament.uk/photo/CYIz4ltk.jpeg
Diana Johnson,johnsond@parliament.uk,,https://twitter.com/dianajohnsonmp,http://www.dianajohnson.co.uk/,
Robert Jenrick,robert.jenrick.mp@parliament.uk,https://www.facebook.com/robertjenricknewark,https://twitter.com/robertjenrick,http://www.robertjenrick.com/,https://api.parliament.uk/photo/TiqR8EGP.jpeg
Gareth Johnson,gareth.johnson.mp@parliament.uk,https://www.facebook.com/gareth.johnson.735,,http://www.garethjohnsonmp.co.uk/,https://api.parliament.uk/photo/XLu36hPg.jpeg
Dr Caroline Johnson,caroline.johnson.mp@parliament.uk,,https://twitter.com/drcarolinej,http://www.carolinejohnson.co.uk/,https://api.parliament.uk/photo/Ok1jGhXg.jpeg
Joseph Johnson,jo.johnson.mp@parliament.uk,,https://twitter.com/jojohnsonmp,http://www.jo-johnson.com/,https://api.parliament.uk/photo/bIbMQZEa.jpeg
Darren Jones,darren.jones.mp@parliament.uk,https://www.facebook.com/darrenjonesmp,https://twitter.com/darrenpjones,http://www.darren-jones.co.uk/,https://api.parliament.uk/photo/TJEJjQ1v.jpeg
Andrew Jones,andrew.jones.mp@parliament.uk,,https://twitter.com/ajonesmp,http://www.andrewjonesmp.co.uk/,https://api.parliament.uk/photo/Obu7nCFG.jpeg
Graham P Jones,graham.jones.mp@parliament.uk,,https://twitter.com/grahamjones_mp,http://hhgrahamjones.blogspot.com/,https://api.parliament.uk/photo/6qORSJQd.jpeg
Gerald Jones,gerald.jones.mp@parliament.uk,https://www.facebook.com/geraldjoneslabour/,https://twitter.com/geraldjoneslab,,https://api.parliament.uk/photo/8zW8Mhcq.jpeg
Mr David Jones,laura.bradley@parliament.uk,,https://twitter.com/davidjonesmp,http://www.davidjonesmp.co.uk/,https://api.parliament.uk/photo/6G1YU9Ly.jpeg
Helen Jones,jonesh@parliament.uk,,https://twitter.com/helenjonesmp,,https://api.parliament.uk/photo/WroWCbLF.jpeg
Mr Kevan Jones,kevanjonesmp@parliament.uk,,https://twitter.com/kevanjonesmp,http://www.kevanjonesmp.org.uk/,https://api.parliament.uk/photo/pmsaSIA5.jpeg
Mike Kane,mike.kane.mp@parliament.uk,,https://twitter.com/mikekanemp,,https://api.parliament.uk/photo/uNzCxuhJ.jpeg
Sarah Jones,sarah.jones.mp@parliament.uk,https://www.facebook.com/croydonsarah,https://twitter.com/laboursj,http://www.sarah-jones.org/,https://api.parliament.uk/photo/MaBL92z6.jpeg
Daniel Kawczynski,kawczynskid@parliament.uk,,https://twitter.com/kawczynskimp,http://www.daniel4shrewsbury.co.uk/,https://api.parliament.uk/photo/6cTrZzWP.jpeg
Mr Marcus Jones,marcus.jones.mp@parliament.uk,,https://twitter.com/marcus4nuneaton,http://www.marcusjones.org.uk/,https://api.parliament.uk/photo/dzaJediI.jpeg
Susan Elan Jones,susan.jones.mp@parliament.uk,,https://twitter.com/susanelanjones,http://www.susanelanjones.co.uk/,https://api.parliament.uk/photo/Q3IJLEdJ.jpeg
Gillian Keegan,gillian.keegan.mp@parliament.uk,,https://twitter.com/gilliankeegan,,https://api.parliament.uk/photo/hNwrafgD.jpeg
Seema Kennedy,seema.kennedy.mp@parliament.uk,https://www.facebook.com/seema.kennedy.conservative,https://twitter.com/seemakennedy,http://www.seemakennedy.co.uk/,https://api.parliament.uk/photo/7wXIIpI2.jpeg
Stephen Kerr,stephen.kerr.mp@parliament.uk,,https://twitter.com/stephenkerrmp,,https://api.parliament.uk/photo/1ThuYt82.jpeg
Liz Kendall,liz.kendall.mp@parliament.uk,,https://twitter.com/leicesterliz,http://www.lizkendall.org/,https://api.parliament.uk/photo/gDsbd2DP.jpeg
Barbara Keeley,,,https://twitter.com/keeleymp,http://www.barbarakeeley.co.uk/,
Afzal Khan,afzal.khan.mp@parliament.uk,,https://twitter.com/afzal4gorton,,https://api.parliament.uk/photo/3jrvHBVo.jpeg
Stephen Kinnock,stephen.kinnock.mp@parliament.uk,https://www.facebook.com/stephenkinncock,https://twitter.com/skinnock,http://www.stephenkinnock.co.uk/,https://api.parliament.uk/photo/1iY9jKZX.jpeg
Ged Killen,ged.killen.mp@parliament.uk,,https://twitter.com/gedk,,https://api.parliament.uk/photo/HcwsxGfp.jpeg
Julian Knight,julian.knight.mp@parliament.uk,https://www.facebook.com/julianknightforsolihull,https://twitter.com/julianknight15,http://www.julianknight.org.uk/,https://api.parliament.uk/photo/zUSInshk.jpeg
Sir Greg Knight,sothcottt@parliament.uk,,https://twitter.com/gregknightmp,http://www.gregknight.com/,
Kwasi Kwarteng,kwasi.kwarteng.mp@parliament.uk,,,http://kwasi4spelthorne.org.uk/,https://api.parliament.uk/photo/6QeDb5Sd.jpeg
Lesley Laird,lesley.laird.mp@parliament.uk,,https://twitter.com/lesleylaird,,https://api.parliament.uk/photo/b0gfVIE0.jpeg
Peter Kyle,peter.kyle.mp@parliament.uk,https://www.facebook.com/hoveandportslade,https://twitter.com/peterkyle,http://www.peterkyle.co.uk/,https://api.parliament.uk/photo/NNKihF8Q.jpeg
Dame Eleanor Laing,eleanor.laing.mp@parliament.uk,,https://twitter.com/eleanorlaingmp,http://www.eleanorlaing.com/,
Ben Lake,ben.lake.mp@parliament.uk,,https://twitter.com/benmlake,,https://api.parliament.uk/photo/iyueBhtb.jpeg
Norman Lamb,norman.lamb.mp@parliament.uk,,https://twitter.com/normanlamb,http://www.normanlamb.org.uk/,https://api.parliament.uk/photo/j2MQ8Nnx.jpeg
Mark Lancaster,officeofmarklancaster@parliament.uk,,https://twitter.com/marklancastermk,http://www.lancaster4mk.com/,https://api.parliament.uk/photo/2lnc8O53.jpeg
Mrs Pauline Latham,pauline.latham.mp@parliament.uk,https://www.facebook.com/pauline.latham.31,https://twitter.com/pauline_latham,http://www.paulinelatham.co.uk/,https://api.parliament.uk/photo/eMeMDM5k.jpeg
Ian Lavery,ian.lavery.mp@parliament.uk,,https://twitter.com/ianlaverymp,http://www.ianlavery.org.uk/,https://api.parliament.uk/photo/NVuAIFpn.jpeg
Mr David Lammy,lammyd@parliament.uk,,https://twitter.com/davidlammy,http://www.davidlammy.co.uk/,https://api.parliament.uk/photo/UJk7Zwtg.jpeg
John Lamont,john.lamont.mp@parliament.uk,https://www.facebook.com/johnlamontborders/,https://twitter.com/john2win,http://www.johnlamont.org/,https://api.parliament.uk/photo/EZCW3EUQ.jpeg
Chris Law,chris.law.mp@parliament.uk,https://www.facebook.com/chrislawsnp,https://twitter.com/chrislawsnp,http://chrislaw.scot/,https://api.parliament.uk/photo/Hdr2Yd0J.jpeg
Dr Phillip Lee,phillip.lee.mp@parliament.uk,https://www.facebook.com/drphillipleebracknell,https://twitter.com/drphillipleemp,http://www.phillip-lee.com/,https://api.parliament.uk/photo/GxuKpLeT.jpeg
Karen Lee,karen.lee.mp@parliament.uk,,https://twitter.com/karenleemp,,https://api.parliament.uk/photo/IsiNyHQr.jpeg
Jeremy Lefroy,jeremy.lefroy.mp@parliament.uk,https://www.facebook.com/jeremylefroymp,https://twitter.com/jeremylefroy,http://www.jeremylefroy.org.uk/,
Andrea Leadsom,andrea.leadsom.mp@parliament.uk,https://www.facebook.com/andrealeadsom,https://twitter.com/andrealeadsom,http://www.andrealeadsom.com/,https://api.parliament.uk/photo/CUh9CmGC.jpeg
Mr Chris Leslie,chris.leslie@parliament.uk,,https://twitter.com/chrislesliemp,http://www.chrisleslie.org/,https://api.parliament.uk/photo/ULC1fS6q.jpeg
Mrs Emma Lewell-Buck,emma.lewell-buck.mp@parliament.uk,,https://twitter.com/emmalewellbuck,http://www.emma-lewell-buck.net/,https://api.parliament.uk/photo/zrfJeXj7.jpeg
Sir Oliver Letwin,letwino@parliament.uk,,https://twitter.com/oliverletwinmp,http://www.oliverletwinmp.com/,
Sir Edward Leigh,edward.leigh.mp@parliament.uk,,https://twitter.com/edwardleighmp,http://www.edwardleigh.org.uk/,https://api.parliament.uk/photo/kHZbXTnP.jpeg
Andrew Lewer,andrew.lewer.mp@parliament.uk,,https://twitter.com/alewermbe,,https://api.parliament.uk/photo/FFo8lz4f.jpeg
Brandon Lewis,helen.hill@parliament.uk,,https://twitter.com/brandonlewis,http://www.brandonlewis.co/,https://api.parliament.uk/photo/H0jkRLLZ.jpeg
Clive Lewis,clive.lewis.mp@parliament.uk,,https://twitter.com/labourlewis,http://www.clivelewis.org/,https://api.parliament.uk/photo/CwyoxtMN.jpeg
Mr Ian Liddell-Grainger,ianlg@parliament.uk,,,http://www.liddellgrainger.org.uk/,https://api.parliament.uk/photo/7xiUjKSN.jpeg
Dr Julian Lewis,,,,http://www.julianlewis.net/,https://api.parliament.uk/photo/00CE8Ogo.jpeg
Mr Ivan Lewis,lewisi@parliament.uk,,https://twitter.com/ivanlewis_mp,http://ivanlewis.org.uk/,https://api.parliament.uk/photo/wyrVnmBY.jpeg
Mr David Lidington,david.lidington.mp@parliament.uk,,https://twitter.com/dlidington,http://www.davidlidington.co.uk/,https://api.parliament.uk/photo/mvAK8UOs.jpeg
David Linden,david.linden.mp@parliament.uk,https://www.facebook.com/davidlindenmp,https://twitter.com/davidlinden,http://www.davidlinden.scot/,https://api.parliament.uk/photo/fdyDsJDw.jpeg
Stephen Lloyd,stephen.lloyd.mp@parliament.uk,,https://twitter.com/stephenlloydebn,http://stephenlloyd.org.uk/,
Tony Lloyd,tony.lloyd.mp@parliament.uk,,,,https://api.parliament.uk/photo/UFti3t79.jpeg
Emma Little Pengelly,emma.littlepengelly.mp@parliament.uk,,,,https://api.parliament.uk/photo/3shEK1JB.jpeg
Rebecca Long Bailey,rebecca.longbailey.mp@parliament.uk,,https://twitter.com/rlong_bailey,http://rebeccalongbailey.com/,https://api.parliament.uk/photo/FQjh7Teq.jpeg
Julia Lopez,julia.lopez.mp@parliament.uk,,https://twitter.com/juliadockerill,,https://api.parliament.uk/photo/qK3GylNt.jpeg
Jack Lopresti,jack.lopresti.mp@parliament.uk,,https://twitter.com/jackloprestimp,http://www.jacklopresti.com/,https://api.parliament.uk/photo/5WwEmaDh.jpeg
Mr Jonathan Lord,jonathan.lord.mp@parliament.uk,,,,https://api.parliament.uk/photo/8LEB9as2.jpeg
Tim Loughton,loughtont@parliament.uk,,https://twitter.com/timloughton,http://www.timloughton.com/,https://api.parliament.uk/photo/AcplbG52.jpeg
Caroline Lucas,caroline.lucas.mp@parliament.uk,https://www.facebook.com/carolinelucas.page,https://twitter.com/carolinelucas,http://www.carolinelucas.com/,https://api.parliament.uk/photo/8xExxsQw.jpeg
Ian C. Lucas,lucasi@parliament.uk,,https://twitter.com/ianclucas,http://www.ianlucas.co.uk/,https://api.parliament.uk/photo/lkTLhWVe.jpeg
Holly Lynch,holly.lynch.mp@parliament.uk,,https://twitter.com/hollylynch5,http://www.hollylynch.org.uk/,https://api.parliament.uk/photo/Hqu9NbvJ.jpeg
Craig Mackinlay,craig.mackinlay.mp@parliament.uk,,https://twitter.com/cmackinlay,http://www.craigmackinlay.com/,https://api.parliament.uk/photo/iBXmjfhM.jpeg
Rachel Maclean,rachel.maclean.mp@parliament.uk,https://www.facebook.com/redditchrachel/,https://twitter.com/redditchrachel,https://www.rachelmaclean.uk/,https://api.parliament.uk/photo/Cx8ZCCpy.jpeg
Justin Madders,justin.madders.mp@parliament.uk,,https://twitter.com/justinmadders,http://www.justinmadders.com/,https://api.parliament.uk/photo/RIzAEqsF.jpeg
Angus Brendan MacNeil,macneila@parliament.uk,,https://twitter.com/angusmacneilsnp,,https://api.parliament.uk/photo/E5o4yjHy.jpeg
Shabana Mahmood,shabana.mahmood.mp@parliament.uk,,https://twitter.com/shabanamahmood,http://www.shabanamahmood.org/,
Mr Khalid Mahmood,mahmoodk@parliament.uk,,,http://www.khalidmahmoodmp.co.uk/,https://api.parliament.uk/photo/CkGib44k.jpeg
Mrs Anne Main,maina@parliament.uk,,,http://www.annemain.com/,
Alan Mak,alan.mak.mp@parliament.uk,https://www.facebook.com/alanmakhavant,https://twitter.com/alanmakmp,http://www.alanmak.org.uk/,https://api.parliament.uk/photo/NxwuN3za.jpeg
Seema Malhotra,seema.malhotra.mp@parliament.uk,,https://twitter.com/seemamalhotra1,http://www.seemamalhotra.com/,https://api.parliament.uk/photo/iv66bI8v.jpeg
John Mann,john.mann.mp@parliament.uk,,https://twitter.com/johnmannmp,http://www.johnmannmp.com/,https://api.parliament.uk/photo/D2915rDI.jpeg
Scott Mann,scott.mann.mp@parliament.uk,https://www.facebook.com/therightmannfornorthcornwall,https://twitter.com/scottmannmp,http://www.scottmann.org.uk/,https://api.parliament.uk/photo/zDt2i8yO.jpeg
Kit Malthouse,kit.malthouse.mp@parliament.uk,https://www.facebook.com/kit.malthouse,https://twitter.com/kitmalthouse,http://kitmalthouse.com/,https://api.parliament.uk/photo/SNtxY36J.jpeg
Sandy Martin,sandy.martin.mp@parliament.uk,https://www.facebook.com/sandyofipswich,https://twitter.com/sandyofipswich,,https://api.parliament.uk/photo/0noHjuqJ.jpeg
Gordon Marsden,gordonmarsdenmp@parliament.uk,,https://twitter.com/gordonmarsden,http://www.gordonmarsden.co.uk/,https://api.parliament.uk/photo/7Ip3z0GX.jpeg
Rachael Maskell,rachael.maskell.mp@parliament.uk,https://www.facebook.com/rachaelmaskell4york,https://twitter.com/rachaelmaskell,http://www.rachaelmaskell.com/,https://api.parliament.uk/photo/tQKZndrH.jpeg
Paul Maskey,paul.maskey.mp@parliament.uk,,https://twitter.com/paulmaskeymp,,
Paul Masterton,paul.masterton.mp@parliament.uk,https://www.facebook.com/masterton4eastren,https://twitter.com/pm4eastren,https://www.paulmasterton.org.uk/,https://api.parliament.uk/photo/QfjSFljl.jpeg
Christian Matheson,chris.matheson.mp@parliament.uk,,https://twitter.com/chrism4chester,http://www.chrismatheson.co.uk/,https://api.parliament.uk/photo/Oup91nVQ.jpeg
Mrs Theresa May,mayt@parliament.uk,,https://twitter.com/theresa_may,http://www.tmay.co.uk/,
Paul Maynard,paul.maynard.mp@parliament.uk,,https://twitter.com/paulmaynardmp,http://www.paulmaynard.co.uk/,https://api.parliament.uk/photo/DcTxbots.jpeg
Steve McCabe,mccabes@parliament.uk,,https://twitter.com/steve_mccabe,http://www.stevemccabe-mp.org.uk/,https://api.parliament.uk/photo/F3TazXRJ.jpeg
Kerry McCarthy,kerry.mccarthy.mp@parliament.uk,,https://twitter.com/kerrymp,http://www.kerrymccarthymp.org/,https://api.parliament.uk/photo/tX33uEXs.jpeg
Elisha McCallion,elisha.mccallion.mp@parliament.uk,,,,
Siobhain McDonagh,mcdonaghs@parliament.uk,,https://twitter.com/siobhain_mp,http://www.siobhainmcdonagh.org.uk/,https://api.parliament.uk/photo/aK4XLJym.jpeg
Andy McDonald,info@andymcdonaldmp.org,,https://twitter.com/andymcdonaldmp,http://www.andymcdonaldmp.org/,https://api.parliament.uk/photo/C5Lw4YYf.jpeg
Stewart Malcolm McDonald,stewart.mcdonald.mp@parliament.uk,,https://twitter.com/stewartmcdonald,http://www.stewartmcdonald.scot/,https://api.parliament.uk/photo/bsfSvlRQ.jpeg
Mr Pat McFadden,mcfaddenp@parliament.uk,,https://twitter.com/patmcfaddenmp,http://www.patmcfadden.com/,https://api.parliament.uk/photo/MRxFnj3j.jpeg
Conor McGinn,conor.mcginn.mp@parliament.uk,,https://twitter.com/conormcginn,http://www.conormcginn.co.uk/,https://api.parliament.uk/photo/u4VHxJNd.jpeg
John McDonnell,mcdonnellj@parliament.uk,,https://twitter.com/johnmcdonnellmp,http://www.john-mcdonnell.net/,
Alison McGovern,alison.mcgovern.mp@parliament.uk,,https://twitter.com/alison_mcgovern,http://www.alisonmcgovern.org.uk/,
Stuart C. McDonald,stuart.mcdonald.mp@parliament.uk,,https://twitter.com/stuart_mcdonald,http://stuartmcdonaldmp.com/,https://api.parliament.uk/photo/Twireh3E.jpeg
Liz McInnes,,,https://twitter.com/lizmcinnes_mp,http://www.lizmcinnesmp.org.uk/,https://api.parliament.uk/photo/FvRtj4Rm.jpeg
Jim McMahon,jim.mcmahon.mp@parliament.uk,,https://twitter.com/jimfromoldham,http://www.jimmcmahon.co.uk/,https://api.parliament.uk/photo/1b9vJHI5.jpeg
Sir Patrick McLoughlin,patrick.mcloughlin.mp@parliament.uk,,,,https://api.parliament.uk/photo/5OyxpMlM.jpeg
Catherine McKinnell,catherine.mckinnell.mp@parliament.uk,,https://twitter.com/catmckinnell,http://www.catherinemckinnellmp.co.uk/,https://api.parliament.uk/photo/2ajhcCFO.jpeg
Anna McMorrin,anna.mcmorrin.mp@parliament.uk,,https://twitter.com/annamcmorrin,,https://api.parliament.uk/photo/zGIINAId.jpeg
John McNally,john.mcnally.mp@parliament.uk,,https://twitter.com/johnmcnallymp,http://johnny4falkirk.scot/,https://api.parliament.uk/photo/3ZsyOWLD.jpeg
Stephen McPartland,stephen.mcpartland.mp@parliament.uk,https://www.facebook.com/stephenmcpartland,https://twitter.com/smcpartlandmp,http://www.stephenmcpartland.co.uk/,https://api.parliament.uk/photo/lytwea6q.jpeg
Ian Mearns,ian.mearns.mp@parliament.uk,,https://twitter.com/ianmearnsmp,http://www.ianmearns.org.uk/,https://api.parliament.uk/photo/I6wd9weg.jpeg
Mark Menzies,mark.menzies.mp@parliament.uk,,,http://www.markmenzies.org.uk/,https://api.parliament.uk/photo/7eEEBvVZ.jpeg
Esther McVey,esther.mcvey.mp@parliament.uk,,,,https://api.parliament.uk/photo/dnS2NokO.jpeg
Stephen Metcalfe,stephen.metcalfe.mp@parliament.uk,https://www.facebook.com/stephenmetcalfe4sbet/,https://twitter.com/metcalfe_sbet,https://www.stephenmetcalfe.org.uk/,https://api.parliament.uk/photo/bfYFtKPR.jpeg
Edward Miliband,ed.miliband.mp@parliament.uk,https://www.facebook.com/edmiliband,https://twitter.com/ed_miliband,,https://api.parliament.uk/photo/9ctox9QY.jpeg
Huw Merriman,huw.merriman.mp@parliament.uk,,https://twitter.com/huwmerriman,http://www.huwmerriman.org.uk/,https://api.parliament.uk/photo/QZQbaD6l.jpeg
Mrs Maria Miller,maria.miller.mp@parliament.uk,,https://twitter.com/maria_millermp,http://www.maria4basingstoke.co.uk/,https://api.parliament.uk/photo/bUEukT1m.jpeg
Johnny Mercer,diary@johnnyforplymouth.co.uk,https://www.facebook.com/johnnyforplymouth,https://twitter.com/johnnymercermp,http://www.johnnyforplymouth.co.uk/,https://api.parliament.uk/photo/fj4XP1FT.jpeg
Francie Molloy,,,https://twitter.com/franciemolloy,http://www.franciemolloy.ie/,
Anne Milton,anne.milton.mp@parliament.uk,,https://twitter.com/annemiltonmp,,https://api.parliament.uk/photo/FqU4KoBy.jpeg
Mr Andrew Mitchell,andrew.mitchell.mp@parliament.uk,,,http://www.andrew-mitchell-mp.co.uk/,https://api.parliament.uk/photo/mrJwlSpP.jpeg
Amanda Milling,amanda.milling.mp@parliament.uk,https://www.facebook.com/amanda.milling,https://twitter.com/amandamilling,http://www.amandamilling.com/,https://api.parliament.uk/photo/Kwy8erAL.jpeg
Nigel Mills,nigel.mills.mp@parliament.uk,,https://twitter.com/nigelmillsmp,http://www.nigelmillsmp.com/,https://api.parliament.uk/photo/NJluOK8I.jpeg
Layla Moran,layla.moran.mp@parliament.uk,https://www.facebook.com/laylamoranuk,https://twitter.com/laylamoran,http://www.laylamoran.com/,https://api.parliament.uk/photo/Gg8AsTnk.jpeg
Carol Monaghan,carol.monaghan.mp@parliament.uk,,https://twitter.com/cmonaghanmp,http://www.snp.org/carol_monaghan,https://api.parliament.uk/photo/kCPiuRtU.jpeg
Mrs Madeleine Moon,moonm@parliament.uk,https://www.facebook.com/madeleine.moon,https://twitter.com/madeleinemoon,http://www.madeleinemoonmp.com/,https://api.parliament.uk/photo/2gdDwZcY.jpeg
Penny Mordaunt,penny.mordaunt.mp@parliament.uk,,https://twitter.com/pennymordauntmp,http://www.pennymordaunt.com/,
Damien Moore,damien.moore.mp@parliament.uk,,https://twitter.com/damienmooremp,,https://api.parliament.uk/photo/gpczUayy.jpeg
Nicky Morgan,nicky.morgan.mp@parliament.uk,,https://twitter.com/nickymorgan01,http://www.nickymorgan.org/,https://api.parliament.uk/photo/mND0bcWs.jpeg
Stephen Morgan,stephen.morgan.mp@parliament.uk,https://www.facebook.com/stephenmorganmp,https://twitter.com/stephenmorganmp,https://stephenjmorgan.org/,https://api.parliament.uk/photo/pG9y56ir.jpeg
Jessica Morden,mordenj@parliament.uk,,https://twitter.com/jessicamordenmp,http://www.jessicamorden.com/,https://api.parliament.uk/photo/fMgTfaU9.jpeg
Anne Marie Morris,annemarie.morris.mp@parliament.uk,https://www.facebook.com/annemarie.morris.na,https://twitter.com/ammorrismp,http://www.annemariemorris.co.uk/,https://api.parliament.uk/photo/9ChSAT5R.jpeg
David Morris,david.morris.mp@parliament.uk,,https://twitter.com/davidmpmorris,http://www.davidmorris.org.uk/,https://api.parliament.uk/photo/pn90UVZG.jpeg
James Morris,james.morris.mp@parliament.uk,,https://twitter.com/jamesmorrishrr,http://www.jamesmorrismp.com/,https://api.parliament.uk/photo/KNQrZ99q.jpeg
David Mundell,david.mundell.mp@parliament.uk,,https://twitter.com/davidmundelldct,http://www.davidmundell.com/,https://api.parliament.uk/photo/KpA8GTCG.jpeg
Wendy Morton,wendy.morton.mp@parliament.uk,,https://twitter.com/morton_wendy,http://wendymorton.co.uk/,https://api.parliament.uk/photo/j5Mu2TX7.jpeg
Ian Murray,ian.murray.mp@parliament.uk,,https://twitter.com/ianmurraymp,http://www.ianmurraymp.com/,https://api.parliament.uk/photo/LGMjaT2N.jpeg
Grahame Morris,grahame.morris.mp@parliament.uk,,https://twitter.com/grahamemorris,http://grahamemorrismp.co.uk/,https://api.parliament.uk/photo/thQ1nqSa.jpeg
Mrs Sheryll Murray,sheryll.murray.mp@parliament.uk,,https://twitter.com/sheryllmurray,http://sheryllmurray.com/,
Dr Andrew Murrison,murrisona@parliament.uk,,https://twitter.com/murrisonmp,http://www.andrewmurrison.co.uk/,https://api.parliament.uk/photo/9cut06Ig.jpeg
Gavin Newlands,gavin.newlands.mp@parliament.uk,https://www.facebook.com/choosegavin,https://twitter.com/gavinnewlandsmp,http://www.gavinnewlands.scot/,https://api.parliament.uk/photo/3qZGdA1b.jpeg
Lisa Nandy,lisa.nandy.mp@parliament.uk,,https://twitter.com/lisanandy,http://www.lisanandy.co.uk/,https://api.parliament.uk/photo/DIVdQViz.jpeg
Robert Neill,bob.neill.mp@parliament.uk,,https://twitter.com/neill_bob,http://www.bobneill.org.uk/,https://api.parliament.uk/photo/ODemymzJ.jpeg
Sarah Newton,sarah.newton.mp@parliament.uk,,https://twitter.com/sarahnewtonmp,http://www.sarahnewton.org.uk/,https://api.parliament.uk/photo/Y4I7qh4n.jpeg
Caroline Nokes,caroline.nokes.mp@parliament.uk,,https://twitter.com/carolinenokes,http://www.carolinenokes.com/,https://api.parliament.uk/photo/tNauiJg5.jpeg
Alex Norris,alex.norris.mp@parliament.uk,,https://twitter.com/anorrismp,,https://api.parliament.uk/photo/oHScRDS1.jpeg
Jesse Norman,jesse.norman.mp@parliament.uk,,https://twitter.com/jesse_norman,http://www.jesse4hereford.com/,https://api.parliament.uk/photo/oPw1Qw6E.jpeg
Neil O'Brien,neil.obrien.mp@parliament.uk,https://www.facebook.com/neil4harborough/,https://twitter.com/neildotobrien,https://www.neilobrien.org.uk/,https://api.parliament.uk/photo/p6JYtaxc.jpeg
Jared O'Mara,jared.omara.mp@parliament.uk,,,,https://api.parliament.uk/photo/RTJv500x.jpeg
Brendan O'Hara,brendan.ohara.mp@parliament.uk,,https://twitter.com/brendanoharasnp,http://www.snp.org/brendan_o_hara,https://api.parliament.uk/photo/XmkeKXHy.jpeg
Dr Matthew Offord,matthew.offord.mp@parliament.uk,,https://twitter.com/offord4hendon,http://www.matthewofford.co.uk/,https://api.parliament.uk/photo/JQjXAMW5.jpeg
Melanie Onn,melanie.onn.mp@parliament.uk,,https://twitter.com/onnmel,http://www.melanieonn.co.uk/,https://api.parliament.uk/photo/IWE7YW1J.jpeg
Chi Onwurah,chi.onwurah.mp@parliament.uk,,https://twitter.com/chionwurah,http://chionwurahmp.com/,https://api.parliament.uk/photo/POgVsnEn.jpeg
Fiona Onasanya,fiona.onasanya.mp@parliament.uk,,,,https://api.parliament.uk/photo/TdMOVMR4.jpeg
Guy Opperman,guy.opperman.mp@parliament.uk,https://www.facebook.com/guyoppermanmp/,https://twitter.com/guyopperman,http://guyopperman.co.uk/,https://api.parliament.uk/photo/j48cMZVo.jpeg
Albert Owen,albert.owen.mp@parliament.uk,,https://twitter.com/albertowenmp,http://albertowenmp.org/,https://api.parliament.uk/photo/CLSzPz5d.jpeg
Kate Osamor,kate.osamor.mp@parliament.uk,,https://twitter.com/kateosamor,http://www.kateosamor.co.uk/,https://api.parliament.uk/photo/UehIrqog.jpeg
Ian Paisley,ian.paisley.mp@parliament.uk,,https://twitter.com/ianpaisleymp,http://www.ianpaisleymp.co.uk/,https://api.parliament.uk/photo/TgR2vrao.jpeg
Priti Patel,withammp@parliament.uk,,https://twitter.com/patel4witham,http://www.priti4witham.com/,
Neil Parish,neil.parish.mp@parliament.uk,,https://twitter.com/neil_parish,http://www.neilparish.co.uk/,https://api.parliament.uk/photo/dMgf96I0.jpeg
Mr Owen Paterson,patersono@parliament.uk,,https://twitter.com/owen_patersonmp,http://www.owenpaterson.org/,https://api.parliament.uk/photo/qJNKT8rc.jpeg
Mark Pawsey,mark.pawsey.mp@parliament.uk,,https://twitter.com/markpawsey,http://www.markpawsey.org.uk/,https://api.parliament.uk/photo/EunZ7eyb.jpeg
Stephanie Peacock,stephanie.peacock.mp@parliament.uk,,https://twitter.com/steph_peacock,,https://api.parliament.uk/photo/xRtLxH1I.jpeg
Sir Mike Penning,penningm@parliament.uk,,,http://www.mikepenning.com/,https://api.parliament.uk/photo/cs77uhlV.jpeg
Teresa Pearce,teresa.pearce.mp@parliament.uk,,https://twitter.com/tpearce003,http://www.teresapearce.org.uk/,https://api.parliament.uk/photo/860hsqyT.jpeg
Matthew Pennycook,matthew.pennycook.mp@parliament.uk,,https://twitter.com/mtpennycook,http://www.matthewpennycook.com/,https://api.parliament.uk/photo/UVn46N7m.jpeg
Andrew Percy,andrew.percy.mp@parliament.uk,,,http://www.andrewpercy.org/,https://api.parliament.uk/photo/Fhywslcf.jpeg
Claire Perry,claire.perry.mp@parliament.uk,https://www.facebook.com/claire4devizes/,,http://www.claireperry.org.uk/,
Toby Perkins,toby.perkins.mp@parliament.uk,,https://twitter.com/tobyperkinsmp,http://www.tobyperkins.org.uk/,https://api.parliament.uk/photo/tCxbs3UF.jpeg
John Penrose,beauperec@parliament.uk,,https://twitter.com/johnpenrosenews,http://www.johnpenrose.org/,https://api.parliament.uk/photo/5QxHZ8h6.jpeg
Jess Phillips,jess.phillips.mp@parliament.uk,,https://twitter.com/jessphillips,http://www.jessphillips.net/,https://api.parliament.uk/photo/5b9vxP5m.jpeg
Laura Pidcock,laura.pidcock.mp@parliament.uk,https://www.facebook.com/laurapidcockmp,https://twitter.com/laurapidcockmp,,https://api.parliament.uk/photo/wAVnKSJG.jpeg
Chris Philp,chris.philp.mp@parliament.uk,,https://twitter.com/chrisphilp_mp,http://www.chrisphilp.com/,https://api.parliament.uk/photo/7KGSGP32.jpeg
Bridget Phillipson,bridget.phillipson.mp@parliament.uk,https://www.facebook.com/bridgetphillipson,https://twitter.com/bphillipsonmp,http://www.bridgetphillipson.com/,https://api.parliament.uk/photo/vnbngj9b.jpeg
Christopher Pincher,christopher.pincher.mp@parliament.uk,https://www.facebook.com/christopherpincher,https://twitter.com/chrispincher,http://www.christopherpincher.com/,
Jo Platt,joanne.platt.mp@parliament.uk,https://www.facebook.com/joplattmp/,https://twitter.com/joplattmp,,https://api.parliament.uk/photo/1rLjQbEL.jpeg
Lucy Powell,contact@lucypowell.org.uk,,https://twitter.com/lucympowell,http://lucypowell.org.uk/,https://api.parliament.uk/photo/DDl39b46.jpeg
Luke Pollard,luke.pollard.mp@parliament.uk,,https://twitter.com/lukepollard,,https://api.parliament.uk/photo/80oCJUEJ.jpeg
Stephen Pound,stevepoundmp@parliament.uk,,,http://www.stevepound.org.uk/,https://api.parliament.uk/photo/sz3ujpJp.jpeg
Dr Dan Poulter,daniel.poulter.mp@parliament.uk,,https://twitter.com/drdanpoulter,http://www.drdanielpoulter.com/,
Rebecca Pow,rebecca.pow.mp@parliament.uk,,https://twitter.com/pow_rebecca,http://www.rebeccapow.org.uk/,https://api.parliament.uk/photo/PrRZmVaO.jpeg
Tom Pursglove,tom.pursglove.mp@parliament.uk,,https://twitter.com/votepursglove,http://www.votepursglove.co.uk/,https://api.parliament.uk/photo/CTmbRl1V.jpeg
Mark Pritchard,pritchardm@parliament.uk,,https://twitter.com/mpritchardmp,http://www.markpritchard.com/,https://api.parliament.uk/photo/P4wblQJL.jpeg
Mr Mark Prisk,natalie.bithell@parliament.uk,https://facebook.com/prisk.mark/,https://twitter.com/priskmark,http://www.markprisk.com/,https://api.parliament.uk/photo/0C7zuh3k.jpeg
Victoria Prentis,victoria.prentis.mp@parliament.uk,,https://twitter.com/victoriaprentis,http://victoriaprentis.com/,https://api.parliament.uk/photo/gNJblNtE.jpeg
Jeremy Quin,jeremy.quin.mp@parliament.uk,,,http://www.jeremyquin.com/,https://api.parliament.uk/photo/ubjYYor7.jpeg
Faisal Rashid,faisal.rashid.mp@parliament.uk,https://www.facebook.com/labourmp4warringtonsouth/,https://twitter.com/faisalrashid6,http://www.faisalrashid.com/,https://api.parliament.uk/photo/iXhmOyaH.jpeg
Yasmin Qureshi,yasmin.qureshi.mp@parliament.uk,,https://twitter.com/yasminqureshimp,http://www.yasminqureshi.org.uk/,https://api.parliament.uk/photo/872LpIE5.jpeg
Will Quince,will.quince.mp@parliament.uk,,https://twitter.com/willquince,http://www.will4colchester.org.uk/,https://api.parliament.uk/photo/RCv8g5U6.jpeg
Dominic Raab,dominic.raab.mp@parliament.uk,,,http://www.dominicraab.com/,https://api.parliament.uk/photo/rAKal1sB.jpeg
Angela Rayner,angela.rayner.mp@parliament.uk,,https://twitter.com/angelarayner,http://www.angelarayner.com/,https://api.parliament.uk/photo/eKbm1x9p.jpeg
John Redwood,john.redwood.mp@parliament.uk,,https://twitter.com/johnredwood,http://www.johnredwoodsdiary.com/,https://api.parliament.uk/photo/ik9YLanb.jpeg
Mr Jacob Rees-Mogg,jacob.reesmogg.mp@parliament.uk,,,https://www.jacobreesmogg.com/,https://api.parliament.uk/photo/G5HriTLH.jpeg
Christina Rees,christina.rees.mp@parliament.uk,,https://twitter.com/rees4neath,http://www.christinarees.org/,https://api.parliament.uk/photo/2TcKKvAL.jpeg
Mr Steve Reed,steve.reed.mp@parliament.uk,,https://twitter.com/stevereedmp,http://www.stevereedmp.co.uk/,https://api.parliament.uk/photo/ad70mw75.jpeg
Ellie Reeves,ellie.reeves.mp@parliament.uk,,https://twitter.com/elliereeves,,https://api.parliament.uk/photo/y5Csjvl7.jpeg
Ms Marie Rimmer,marie.rimmer.mp@parliament.uk,https://www.facebook.com/marierimmer/,https://twitter.com/marierimmermp,http://www.marierimmer.org.uk/,https://api.parliament.uk/photo/y1GR8BXd.jpeg
Rachel Reeves,rachel.reeves.mp@parliament.uk,,https://twitter.com/rachelreevesmp,http://www.rachelreeves.net/,https://api.parliament.uk/photo/GzViho86.jpeg
Emma Reynolds,emma.reynolds.mp@parliament.uk,https://www.facebook.com/emmareynoldsmp,https://twitter.com/emmareynoldsmp,http://www.emmareynolds.org.uk/,https://api.parliament.uk/photo/L6Az6FfM.jpeg
Jonathan Reynolds,jonathan.reynolds.mp@parliament.uk,,https://twitter.com/jreynoldsmp,http://www.jonathanreynolds.org.uk/,https://api.parliament.uk/photo/rdC7zJeo.jpeg
Mr Laurence Robertson,robertsonl@parliament.uk,,,https://www.laurencerobertson.org.uk/,https://api.parliament.uk/photo/qKnidpIU.jpeg
Gavin Robinson,gavin.robinson.mp@parliament.uk,,https://twitter.com/grobinsondup,,https://api.parliament.uk/photo/4Fe3Tv4F.jpeg
Mr Geoffrey Robinson,robinsong@parliament.uk,,,,https://api.parliament.uk/photo/gmE033HM.jpeg
Mary Robinson,mary.robinson.mp@parliament.uk,,https://twitter.com/maryrobinson01,http://www.mary-robinson.org.uk/,https://api.parliament.uk/photo/mSbA68WK.jpeg
Matt Rodda,matt.rodda.mp@parliament.uk,,,,https://api.parliament.uk/photo/PJp2mKqP.jpeg
Andrew Rosindell,andrew.rosindell.mp@parliament.uk,,https://twitter.com/andrewrosindell,http://www.rosindell.com/,
Douglas Ross,douglas.ross.mp@parliament.uk,,https://twitter.com/douglas4moray,,https://api.parliament.uk/photo/qydEBFmO.jpeg
Danielle Rowley,danielle.rowley.mp@parliament.uk,https://www.facebook.com/daniellerowley4midlothian/,https://twitter.com/danirowley,https://www.daniellerowleymp.uk/,https://api.parliament.uk/photo/nMFhy86p.jpeg
Lee Rowley,lee.rowley.mp@parliament.uk,,https://twitter.com/lee4ned,,https://api.parliament.uk/photo/0effW1XM.jpeg
Amber Rudd,amber.rudd.mp@parliament.uk,https://www.facebook.com/amberruddofficial/,https://twitter.com/amberruddhr,http://www.amberrudd.co.uk/,https://api.parliament.uk/photo/qMwXiVIV.jpeg
Chris Ruane,chris.ruane.mp@parliament.uk,,,,https://api.parliament.uk/photo/xosBuvzN.jpeg
Lloyd Russell-Moyle,lloyd.russellmoyle.mp@parliament.uk,https://www.facebook.com/lloydrussellmoyle/,https://twitter.com/lloyd_rm,http://russell-moyle.co.uk/,https://api.parliament.uk/photo/xXTvcHDg.jpeg
David Rutley,david.rutley.mp@parliament.uk,,https://twitter.com/davidrutleymp,http://www.davidrutley.org.uk/,https://api.parliament.uk/photo/HOZVclfC.jpeg
Joan Ryan,joan.ryan.mp@parliament.uk,https://www.facebook.com/joanryanenfield/,https://twitter.com/joanryanenfield,http://www.joanryan.org.uk/,https://api.parliament.uk/photo/xfjHxkdG.jpeg
Liz Saville Roberts,liz.savilleroberts.mp@parliament.uk,https://www.facebook.com/lizsavilleroberts,https://twitter.com/lsrplaid,http://www.lizsavilleroberts.org/,https://api.parliament.uk/photo/eisw14ef.jpeg
Antoinette Sandbach,antoinette.sandbach.mp@parliament.uk,,https://twitter.com/sandbach,http://www.antoinettesandbach.org.uk/,https://api.parliament.uk/photo/2PIyuv5I.jpeg
Paul Scully,paul.scully.mp@parliament.uk,,https://twitter.com/scullyp,http://www.scully.org.uk/,https://api.parliament.uk/photo/GJnMmOyf.jpeg
Mr Bob Seely,bob.seely.mp@parliament.uk,https://www.facebook.com/iowbobseely/,https://twitter.com/iowbobseely,https://www.bobseely.org.uk/,https://api.parliament.uk/photo/rTBgxxte.jpeg
Andrew Selous,andrew.selous.mp@parliament.uk,,https://twitter.com/andrewselous,http://www.andrewselous.org.uk/,https://api.parliament.uk/photo/X8e2KcB7.jpeg
Jim Shannon,jim.shannon.mp@parliament.uk,,https://twitter.com/jimshannonmp,,
Naz Shah,naz.shah.mp@parliament.uk,,https://twitter.com/nazshahbfd,,https://api.parliament.uk/photo/M9Fxl3uV.jpeg
Grant Shapps,shappsg@parliament.uk,,https://twitter.com/grantshapps,http://www.shapps.com/,https://api.parliament.uk/photo/H9nTrEl0.jpeg
Alok Sharma,alok.sharma.mp@parliament.uk,,https://twitter.com/aloksharma_rdg,http://www.aloksharma.co.uk/,https://api.parliament.uk/photo/2K0t2Zqz.jpeg
Mr Virendra Sharma,sharmav@parliament.uk,,https://twitter.com/virendrasharma,http://www.virendrasharma.com/,https://api.parliament.uk/photo/wPwbbxig.jpeg
Tommy Sheppard,tommy.sheppard.mp@parliament.uk,,https://twitter.com/tommysheppard,http://tommysheppardmp.scot/,https://api.parliament.uk/photo/H74fzQJf.jpeg
Mr Barry Sheerman,sheermanb@parliament.uk,,https://twitter.com/barrysheerman,http://www.barrysheerman.co.uk/,https://api.parliament.uk/photo/YnjeUXkm.jpeg
Alec Shelbrooke,alec.shelbrooke.mp@parliament.uk,,https://twitter.com/alecshelbrooke,http://www.alecshelbrooke.co.uk/,https://api.parliament.uk/photo/gquF0dXL.jpeg
Mr Gavin Shuker,gavin.shuker.mp@parliament.uk,,https://twitter.com/gavinshuker,http://www.gavinshuker.org/,https://api.parliament.uk/photo/oEa2Vn7d.jpeg
Paula Sherriff,paula.sherriff.mp@parliament.uk,https://www.facebook.com/paula4dewsbury?_rdr,https://twitter.com/paulasherriff,,
Tulip Siddiq,tulip.siddiq.mp@parliament.uk,,https://twitter.com/tulipsiddiq,http://www.tulipsiddiq.com/,https://api.parliament.uk/photo/KD26E0nT.jpeg
Mr Keith Simpson,keith.simpson.mp@parliament.uk,,,http://www.keithsimpson.com/,https://api.parliament.uk/photo/QMOWKVST.jpeg
David Simpson,simpsond@parliament.uk,,,,https://api.parliament.uk/photo/dpxQhlG2.jpeg
Mr Dennis Skinner,skinnerd@parliament.uk,,,,
Chris Skidmore,chris.skidmore.mp@parliament.uk,,https://twitter.com/cskidmoremp,http://www.chrisskidmore.com/,https://api.parliament.uk/photo/XKI4Ghhd.jpeg
Ruth Smeeth,ruth.smeeth.mp@parliament.uk,,https://twitter.com/ruthsmeeth,http://www.ruthsmeeth.org.uk/,https://api.parliament.uk/photo/gzN7Ftug.jpeg
Angela Smith,officeofangelasmithmp@parliament.uk,,https://twitter.com/angelasmithmp,http://www.angelasmith-mp.org.uk/,
Andy Slaughter,slaughtera@parliament.uk,https://www.facebook.com/andy4hammersmith,https://twitter.com/hammersmithandy,http://www.andyslaughter.com/,https://api.parliament.uk/photo/bYd2wqhJ.jpeg
Cat Smith,cat.smith.mp@parliament.uk,,https://twitter.com/catsmithmp,http://www.catsmith.co.uk/,https://api.parliament.uk/photo/yOJKipFE.jpeg
Chloe Smith,,,https://twitter.com/norwichchloe,http://www.chloesmith.org.uk/,https://api.parliament.uk/photo/SInz5aEI.jpeg
Jeff Smith,jeff.smith.mp@parliament.uk,,https://twitter.com/jeffsmithetc,http://www.jeffsmith.org.uk/,https://api.parliament.uk/photo/8Vy68md5.jpeg
Henry Smith,henry.smith.mp@parliament.uk,https://www.facebook.com/henrysmithmp,https://twitter.com/henrysmithuk,http://henrysmith.info/,https://api.parliament.uk/photo/mgbo1ivp.jpeg
Eleanor Smith,eleanor.smith.mp@parliament.uk,https://www.facebook.com/eleanorsmithmp,https://twitter.com/eleanor_smithmp,,https://api.parliament.uk/photo/hzESpGLD.jpeg
Nick Smith,nick.smith.mp@parliament.uk,https://www.facebook.com/nicksmithforblaenaugwent,https://twitter.com/blaenaugwentmp,http://nicksmithmp.com/,https://api.parliament.uk/photo/sYHPRb0u.jpeg
Royston Smith,royston.smith.mp@parliament.uk,,https://twitter.com/royston_smith,http://www.roystonsmith.co.uk/,
Laura Smith,laura.smith.mp@parliament.uk,https://www.facebook.com/laurasmithmp/,https://twitter.com/laurasmithmp,,https://api.parliament.uk/photo/p0HgQHSP.jpeg
Owen Smith,owen.smith.mp@parliament.uk,,https://twitter.com/owensmith_mp,http://www.owensmithmp.co.uk/,https://api.parliament.uk/photo/QX1agwog.jpeg
Julian Smith,julian.smith.mp@parliament.uk,,https://twitter.com/juliansmithuk,http://www.juliansmith.org.uk/,https://api.parliament.uk/photo/tXlB4Es2.jpeg
Alex Sobel,alex.sobel.mp@parliament.uk,,https://twitter.com/alexsobel,,https://api.parliament.uk/photo/qMlFiE3L.jpeg
Sir Nicholas Soames,nicholas.soames.mp@parliament.uk,,https://twitter.com/nsoamesmp,http://www.nicholassoames.org.uk/,https://api.parliament.uk/photo/vtaQN5ly.jpeg
Gareth Snell,gareth.snell.mp@parliament.uk,https://www.facebook.com/garethforstoke/,,,https://api.parliament.uk/photo/WABnsiln.jpeg
Karin Smyth,karin.smyth.mp@parliament.uk,,https://twitter.com/karinsmyth,http://karinsmyth.com/,https://api.parliament.uk/photo/B1LWtKRY.jpeg
Anna Soubry,anna.soubry.mp@parliament.uk,,https://twitter.com/anna_soubry,http://www.anna4broxtowe.com/,https://api.parliament.uk/photo/k2bIlqyQ.jpeg
John Spellar,john.spellar.mp@parliament.uk,,https://twitter.com/spellar,http://www.johnspellar.org.uk/,https://api.parliament.uk/photo/f8QjI6aE.jpeg
Dame Caroline Spelman,,,https://twitter.com/spelmanc,http://www.carolinespelman.com/,https://api.parliament.uk/photo/7etRS9Lp.jpeg
Mark Spencer,mark.spencer.mp@parliament.uk,,https://twitter.com/mark_spencer,https://www.markspencer.org.uk/,
Chris Stephens,chris.stephens.mp@parliament.uk,https://www.facebook.com/chrisstephenssnp/,https://twitter.com/chrisstephens,,https://api.parliament.uk/photo/wHUDiq99.jpeg
Keir Starmer,keir.starmer.mp@parliament.uk,,https://twitter.com/keir_starmer,http://www.keirstarmer.com/,https://api.parliament.uk/photo/X9dwBvuR.jpeg
Andrew Stephenson,andrew.stephenson.mp@parliament.uk,,https://twitter.com/andrew4pendle,,https://api.parliament.uk/photo/jqa7uSgd.jpeg
Iain Stewart,iain.stewart.mp@parliament.uk,,https://twitter.com/iainastewart,http://iainstewartmp.co.uk/,https://api.parliament.uk/photo/9oKkEZL7.jpeg
John Stevenson,john.stevenson.mp@parliament.uk,,https://twitter.com/johnstevensonmp,http://www.johnstevensonmp.co.uk/,https://api.parliament.uk/photo/KaCobbX8.jpeg
Bob Stewart,bob.stewart.mp@parliament.uk,,,http://www.bobstewart.org.uk/,https://api.parliament.uk/photo/XRSwgacB.jpeg
Jo Stevens,jo.stevens.mp@parliament.uk,,https://twitter.com/jostevenslabour,http://www.jostevens.co.uk/,https://api.parliament.uk/photo/0u6JEkoG.jpeg
Rory Stewart,rory.stewart.mp@parliament.uk,,https://twitter.com/rorystewartuk,http://rorystewart.co.uk/,
Wes Streeting,wes.streeting.mp@parliament.uk,,https://twitter.com/wesstreeting,http://www.wesstreeting.org/,https://api.parliament.uk/photo/RBW45CFG.jpeg
Jamie Stone,jamie.stone.mp@parliament.uk,,,,https://api.parliament.uk/photo/ewZDHDpQ.jpeg
Mel Stride,mel.stride.mp@parliament.uk,,https://twitter.com/meljstride,http://melstridemp.com/,https://api.parliament.uk/photo/yFAYbhVx.jpeg
Graham Stringer,graham.stringer.mp@parliament.uk,,,,
Graham Stuart,grahamstuartmp@parliament.uk,,https://twitter.com/grahamstuart,http://www.grahamstuart.com/,https://api.parliament.uk/photo/lySQjF0I.jpeg
Rishi Sunak,rishi.sunak.mp@parliament.uk,https://www.facebook.com/rishisunak,,http://www.rishisunak.com/,
Julian Sturdy,julian.sturdy.mp@parliament.uk,,,http://www.juliansturdy.co.uk/,https://api.parliament.uk/photo/clL51W8s.jpeg
Sir Desmond Swayne,swayned@parliament.uk,,https://twitter.com/desmondswayne,http://www.desmondswaynemp.com/,https://api.parliament.uk/photo/4EI1R7k4.jpeg
Sir Gary Streeter,deans@parliament.uk,,,http://www.garystreeter.co.uk/,https://api.parliament.uk/photo/brYaSAqF.jpeg
Mr Paul Sweeney,paul.sweeney.mp@parliament.uk,,https://twitter.com/pauljsweeney,,https://api.parliament.uk/photo/kVU13B2s.jpeg
Jo Swinson,jo.swinson.mp@parliament.uk,,https://twitter.com/joswinson,http://www.joswinson.org.uk/,https://api.parliament.uk/photo/SLstZIID.jpeg
Sir Hugo Swire,hugo.swire.mp@parliament.uk,,https://twitter.com/hugoswire,http://www.hugoswire.org.uk/,https://api.parliament.uk/photo/QHWvySOL.jpeg
Sir Robert Syms,symsmp.office@parliament.uk,,https://twitter.com/robertsymsmp,,https://api.parliament.uk/photo/SCmwiugM.jpeg
Mark Tami,tamim@parliament.uk,,https://twitter.com/marktamimp,http://www.marktami.co.uk/,https://api.parliament.uk/photo/Nc8UOATv.jpeg
Alison Thewliss,alison.thewliss.mp@parliament.uk,https://www.facebook.com/alisonthewlisssnp/,https://twitter.com/alisonthewliss,http://www.alisonthewliss.scot/,https://api.parliament.uk/photo/CL0XgnvN.jpeg
Derek Thomas,derek.thomas.mp@parliament.uk,,https://twitter.com/derekthomasmp,http://derekthomas.org/,https://api.parliament.uk/photo/lseRUdKM.jpeg
Ross Thomson,ross.thomson.mp@parliament.uk,,https://twitter.com/rossthomson_mp,,https://api.parliament.uk/photo/XFf6nonP.jpeg
Nick Thomas-Symonds,nick.thomassymonds.mp@parliament.uk,,https://twitter.com/nicktorfaenmp,,https://api.parliament.uk/photo/7jIntHmV.jpeg
Gareth Thomas,gareth.thomas.mp@parliament.uk,,https://twitter.com/gareththomasmp,http://www.gareththomas.org/,https://api.parliament.uk/photo/HW8ukxk3.jpeg
Maggie Throup,maggie.throup.mp@parliament.uk,,https://twitter.com/mthroup,http://www.maggiethroup.com/,https://api.parliament.uk/photo/OtUoHaDn.jpeg
Emily Thornberry,thornberrye@parliament.uk,,https://twitter.com/emilythornberry,http://www.emilythornberry.com/,https://api.parliament.uk/photo/4Kn4owXW.jpeg
Stephen Timms,timmss@parliament.uk,,https://twitter.com/stephenctimms,http://www.stephentimms.org.uk/,https://api.parliament.uk/photo/Hlhram12.jpeg
Justin Tomlinson,justin.tomlinson.mp@parliament.uk,,https://twitter.com/jtomlinsonmp,http://www.justintomlinson.com/,https://api.parliament.uk/photo/1hgwLEqd.jpeg
Michael Tomlinson,michael.tomlinson.mp@parliament.uk,,https://twitter.com/michael4mdnp,http://www.michaeltomlinson.org.uk/,
Kelly Tolhurst,kelly.tolhurst.mp@parliament.uk,,https://twitter.com/kellytolhurst,http://www.kelly4rochesterandstrood.com/,https://api.parliament.uk/photo/t22Y5lY4.jpeg
David Tredinnick,tredinnickd@parliament.uk,,,,https://api.parliament.uk/photo/XLKTyU0r.jpeg
Craig Tracey,craig.tracey.mp@parliament.uk,,https://twitter.com/craig4nwarks,http://www.craigtracey.co.uk/,https://api.parliament.uk/photo/XqgDDF00.jpeg
Anne-Marie Trevelyan,annemarie.trevelyan.mp@parliament.uk,,https://twitter.com/annietrev,http://www.teamtrevelyan.co.uk/,https://api.parliament.uk/photo/7eJJAPAx.jpeg
Elizabeth Truss,elizabeth.truss.mp@parliament.uk,,https://twitter.com/trussliz,http://www.elizabethtruss.com/,https://api.parliament.uk/photo/aB12tA6N.jpeg
Jon Trickett,trickettj@parliament.uk,,https://twitter.com/jon_trickett,http://www.jontrickett.org.uk/,https://api.parliament.uk/photo/g2eLCe7R.jpeg
Karl Turner,karl.turner.mp@parliament.uk,,https://twitter.com/karlturnermp,http://www.karlturnermp.org.uk/,https://api.parliament.uk/photo/lRKogHos.jpeg
Anna Turley,anna.turley.mp@parliament.uk,,https://twitter.com/annaturley,http://www.anna4redcar.org.uk/,https://api.parliament.uk/photo/DTdvwFJE.jpeg
Derek Twigg,derek.twigg.mp@parliament.uk,,https://twitter.com/derektwiggmp,http://www.derektwigg.org/,https://api.parliament.uk/photo/YHi3pUgM.jpeg
Tom Tugendhat,tom.tugendhat.mp@parliament.uk,,https://twitter.com/tomtugendhat,http://www.tomtugendhat.org.uk/,https://api.parliament.uk/photo/9lvMHivK.jpeg
Stephen Twigg,stephen.twigg.mp@parliament.uk,,https://twitter.com/stephentwigg,http://stephentwiggmp.co.uk/,https://api.parliament.uk/photo/ZsVDn5nd.jpeg
Chuka Umunna,chuka.umunna.mp@parliament.uk,,https://twitter.com/chukaumunna,http://www.chuka.org.uk/,https://api.parliament.uk/photo/KY2XWuq4.jpeg
Liz Twist,liz.twist.mp@parliament.uk,,,,https://api.parliament.uk/photo/Mgn0kk5S.jpeg
Mr Edward Vaizey,vaizeye@parliament.uk,https://www.facebook.com/vaizeymp/,https://twitter.com/edvaizey,http://www.vaizey.com/,https://api.parliament.uk/photo/DuLiy2Qo.jpeg
Mr Shailesh Vara,shailesh.vara.mp@parliament.uk,,,http://www.shaileshvara.com/,https://api.parliament.uk/photo/lq6Dw5fC.jpeg
Keith Vaz,vazk@parliament.uk,,https://twitter.com/keith4leicester,http://www.keithvazmp.com/,https://api.parliament.uk/photo/KryJjmue.jpeg
Valerie Vaz,valerie.vaz.mp@parliament.uk,,https://twitter.com/valerie_vazmp,http://www.valerievazmp.co.uk/,https://api.parliament.uk/photo/iUhsUry0.jpeg
Martin Vickers,martin.vickers.mp@parliament.uk,,https://twitter.com/martinvickers,http://www.martinvickers.org.uk/,https://api.parliament.uk/photo/eaOQfDkC.jpeg
Theresa Villiers,,,,http://www.theresavilliers.co.uk/,
Mr Charles Walker,charles.walker.mp@parliament.uk,,,http://www.charleswalker.org/,https://api.parliament.uk/photo/2xSLrzh0.jpeg
Mr Robin Walker,robin.walker.mp@parliament.uk,,https://twitter.com/walkerworcester,http://www.walker4worcester.com/,https://api.parliament.uk/photo/WWSeYdm5.jpeg
Thelma Walker,thelma.walker.mp@parliament.uk,,https://twitter.com/thelma_walkermp,,https://api.parliament.uk/photo/8uChuS5v.jpeg
Mr Ben Wallace,wallaceb@parliament.uk,,https://twitter.com/bwallacemp,http://www.benwallace.org.uk/,https://api.parliament.uk/photo/GdDC6CBI.jpeg
David Warburton,david.warburton.mp@parliament.uk,https://www.facebook.com/davidwarburtonsomertonandfrome,https://twitter.com/djwarburton,http://davidwarburton.org/,https://api.parliament.uk/photo/Q8pfKNzM.jpeg
Tom Watson,tom.watson.mp@parliament.uk,,https://twitter.com/tom_watson,http://www.tom-watson.com/,https://api.parliament.uk/photo/iOE6dpSQ.jpeg
Giles Watling,giles.watling.mp@parliament.uk,,https://twitter.com/gileswatling,,https://api.parliament.uk/photo/z5KZwo6o.jpeg
Matt Western,matt.western.mp@parliament.uk,https://www.facebook.com/mattwesternmp/,https://twitter.com/mattwestern_,,https://api.parliament.uk/photo/Niuquoiu.jpeg
Matt Warman,matt.warman.mp@parliament.uk,,https://twitter.com/mattwarman,http://www.mattwarman.co.uk/,https://api.parliament.uk/photo/HBGFv2CA.jpeg
Catherine West,catherine.west.mp@parliament.uk,,https://twitter.com/catherinewest1,http://www.catherinewest.org.uk/,https://api.parliament.uk/photo/tFC0E05T.jpeg
Helen Whately,helen.whately.mp@parliament.uk,,https://twitter.com/helen_whately,http://www.helenwhately.co.uk/,https://api.parliament.uk/photo/UtOOCgYv.jpeg
Mrs Heather Wheeler,heather.wheeler.mp@parliament.uk,,https://twitter.com/heatherwheeler,http://www.heatherwheeler.org.uk/,https://api.parliament.uk/photo/cu8BXNWP.jpeg
Martin Whitfield,martin.whitfield.mp@parliament.uk,https://www.facebook.com/martinwhitfieldeastlothian,https://twitter.com/martwhitfieldmp,,https://api.parliament.uk/photo/v7yMuLW1.jpeg
Dr Alan Whitehead,whiteheada@parliament.uk,,https://twitter.com/alanwhiteheadmp,http://www.alan-whitehead.org.uk/,https://api.parliament.uk/photo/FfhLJwbv.jpeg
Dr Philippa Whitford,philippa.whitford.mp@parliament.uk,,https://twitter.com/dr_philippaw,http://whitford.scot/,https://api.parliament.uk/photo/RZqd7q8x.jpeg
Mr John Whittingdale,john.whittingdale.mp@parliament.uk,,https://twitter.com/jwhittingdale,http://www.johnwhittingdale.org.uk/,https://api.parliament.uk/photo/lV9R4bHV.jpeg
Craig Whittaker,craig.whittaker.mp@parliament.uk,,https://twitter.com/cwhittakermp,http://www.craigwhittakermp.co.uk/,https://api.parliament.uk/photo/l6qrNI6Q.jpeg
Chris Williamson,chris.williamson.mp@parliament.uk,,https://twitter.com/derbychrisw,,https://api.parliament.uk/photo/2f6rZ2R5.jpeg
Bill Wiggin,bill.wiggin.mp@parliament.uk,,,http://www.billwiggin.com/,https://api.parliament.uk/photo/PTLzTWsV.jpeg
Hywel Williams,hywel.williams.mp@parliament.uk,https://www.facebook.com/hywelwilliamsasmp,https://twitter.com/hywelplaidcymru,http://www.hywelwilliams.org/,https://api.parliament.uk/photo/N24SASVf.jpeg
Dr Paul Williams,paul.williams.mp@parliament.uk,,https://twitter.com/paulwilliamsmp,,https://api.parliament.uk/photo/f4PGWbLq.jpeg
Phil Wilson,phil.wilson.mp@parliament.uk,,https://twitter.com/philwilsonmp,http://www.phil4sedgefield.uk/,https://api.parliament.uk/photo/oMASH507.jpeg
Sammy Wilson,barronj@parliament.uk,https://www.facebook.com/sammywilsonmp,https://twitter.com/eastantrimmp,http://www.sammywilson.org/,https://api.parliament.uk/photo/srdbmagl.jpeg
Pete Wishart,wishartp@parliament.uk,,https://twitter.com/petewishart,http://www.petewishartmp.scot/,https://api.parliament.uk/photo/J8Ifgh1O.jpeg
Dame Rosie Winterton,rosie.winterton.mp@parliament.uk,,,http://www.rosiewinterton.co.uk/,https://api.parliament.uk/photo/ohGbLaZr.jpeg
Gavin Williamson,gavin.williamson.mp@parliament.uk,,https://twitter.com/gwilliamsonmp,http://www.gavinwilliamson.org/,https://api.parliament.uk/photo/HzKR1wXl.jpeg
Mr William Wragg,,,https://twitter.com/william_wragg,http://www.williamwragg.org.uk/,https://api.parliament.uk/photo/pHFiCxJl.jpeg
Dr Sarah Wollaston,sarah.wollaston.mp@parliament.uk,https://www.facebook.com/drsarahwollaston,https://twitter.com/sarahwollaston,http://www.drsarah.org.uk/,
Jeremy Wright,jeremy.wright.mp@parliament.uk,https://www.facebook.com/jeremywright2015/,,http://www.jeremywright.org.uk/,https://api.parliament.uk/photo/o2MDZuig.jpeg
Mike Wood,mikej.wood.mp@parliament.uk,,https://twitter.com/mikejwood,http://www.mikewood.mp/,https://api.parliament.uk/photo/24VZcDgD.jpeg
John Woodcock,john.woodcock.mp@parliament.uk,,https://twitter.com/jwoodcockmp,http://www.johnwoodcock.org/,https://api.parliament.uk/photo/pCJKgtr6.jpeg
Daniel Zeichner,daniel@danielzeichner.co.uk,,https://twitter.com/danielzeichner,http://www.danielzeichner.co.uk/,https://api.parliament.uk/photo/BNS6X1WZ.jpeg
Mohammad Yasin,mohammad.yasin.mp@parliament.uk,,,,https://api.parliament.uk/photo/CDj2axes.jpeg
Nadhim Zahawi,nadhim.zahawi.mp@parliament.uk,,https://twitter.com/nadhimzahawi,http://www.zahawi.com/,https://api.parliament.uk/photo/JJIMjRWj.jpeg
